run_at,mode,scenario,dataset_size,text_variant,batch_size,change_ratio,change_distribution,delete_ratio,detection_method,run_index,records_total,records_inserted,records_updated,records_skipped,records_deleted,db_writes,hashing_time_sec,load_time_sec,total_time_sec,peak_memory_mb,db_size_bytes,incremental_to_full_ratio,speedup_vs_full
2026-06-05T22:19:13.952441+00:00,full_reload,full_reload,10000,short,5000,,skupione,0.0,hash_or_timestamp,0,10000,10000,0,0,0,10000,0.027976299868896604,0.04018300003372133,0.3564187998417765,7.07120418548584,10936968,,
2026-06-05T22:19:14.669784+00:00,incremental_load,incremental_no_changes,10000,short,5000,0.0,skupione,0.0,hash_or_timestamp,0,10000,0,0,10000,0,0,0.03432709979824722,9.059999138116837e-05,0.36262220004573464,10.756318092346191,10936968,1.0174048063870704,0.9828929387026615
2026-06-05T22:19:15.420755+00:00,incremental_load,incremental_new_only,10000,short,5000,0.0,skupione,0.0,hash_or_timestamp,0,11000,1000,0,10000,0,1000,0.03570519993081689,0.004860100103542209,0.3930637000594288,10.633538246154785,10936968,1.1028141619743963,0.9067710902530256
2026-06-05T22:19:16.232353+00:00,incremental_load,incremental_new_and_changed,10000,short,5000,0.1,skupione,0.0,hash_or_timestamp,0,11000,1000,1000,9000,0,2000,0.03987400024197996,0.009006800130009651,0.4127197000198066,10.853543281555176,12886776,1.157962767965729,0.8635856243951325
2026-06-05T22:19:16.971168+00:00,incremental_load,incremental_high_change,10000,short,5000,0.5,skupione,0.0,hash_or_timestamp,0,10000,0,5000,5000,0,5000,0.030585200060158968,0.02722670021466911,0.3860927999485284,11.060714721679688,12927736,1.083255990200082,0.9231428296235831
2026-06-05T22:19:17.673100+00:00,incremental_append_only,incremental_append_only,10000,short,5000,0.0,skupione,0.0,brak,0,11000,1000,0,10000,0,1000,0.003029600018635392,0.004413899965584278,0.33888980001211166,6.404811859130859,12927736,0.9508190930516393,1.051724778464971
2026-06-05T22:19:18.706600+00:00,incremental_with_deletes,incremental_with_deletes,10000,short,5000,0.0,skupione,0.05,hash_or_timestamp,0,9500,0,0,9500,500,500,0.029748599976301193,0.0025690000038594007,0.33622159995138645,10.88513469696045,12935976,0.9819427017980552,1.0183893603658134
2026-06-05T22:19:19.077586+00:00,full_reload,full_reload,10000,short,5000,,skupione,0.0,hash_or_timestamp,1,10000,10000,0,0,0,10000,0.032794199883937836,0.046771999914199114,0.3693918001372367,7.06931209564209,12935976,,
2026-06-05T22:19:19.789050+00:00,incremental_load,incremental_no_changes,10000,short,5000,0.0,skupione,0.0,hash_or_timestamp,1,10000,0,0,10000,0,0,0.030893299961462617,4.3400097638368607e-05,0.34834630019031465,10.75624942779541,12935976,0.9430266185142626,1.0604154542058408
2026-06-05T22:19:20.551301+00:00,incremental_load,incremental_new_only,10000,short,5000,0.0,skupione,0.0,hash_or_timestamp,1,11000,1000,0,10000,0,1000,0.03374009998515248,0.009629700100049376,0.39095219993032515,10.755654335021973,12935976,1.0583672939818325,0.9448515706090646
2026-06-05T22:19:21.308984+00:00,incremental_load,incremental_new_and_changed,10000,short,5000,0.1,skupione,0.0,hash_or_timestamp,1,11000,1000,1000,9000,0,2000,0.03616679972037673,0.009422199800610542,0.4025546000339091,10.811406135559082,12935976,1.0897767624629233,0.917619125718899
2026-06-05T22:19:22.077090+00:00,incremental_load,incremental_high_change,10000,short,5000,0.5,skupione,0.0,hash_or_timestamp,1,10000,0,5000,5000,0,5000,0.03596950019709766,0.045549700036644936,0.40616590017452836,11.061546325683594,12935976,1.0995531033001527,0.909460395317554
2026-06-05T22:19:22.763159+00:00,incremental_append_only,incremental_append_only,10000,short,5000,0.0,skupione,0.0,brak,1,11000,1000,0,10000,0,1000,0.0026374999433755875,0.004455900052562356,0.33049269998446107,6.495777130126953,12935976,0.8946941969520606,1.1177003309138283
2026-06-05T22:19:23.805568+00:00,incremental_with_deletes,incremental_with_deletes,10000,short,5000,0.0,skupione,0.05,hash_or_timestamp,1,9500,0,0,9500,500,500,0.02965399995446205,0.002444799989461899,0.331721100024879,10.885241508483887,12935976,0.9572726303283781,1.0446344837593078
2026-06-05T22:19:24.183174+00:00,full_reload,full_reload,10000,short,5000,,skupione,0.0,hash_or_timestamp,2,10000,10000,0,0,0,10000,0.03132969979196787,0.049451100174337626,0.37590999994426966,6.885672569274902,12935976,,
2026-06-05T22:19:24.921485+00:00,incremental_load,incremental_no_changes,10000,short,5000,0.0,skupione,0.0,hash_or_timestamp,2,10000,0,0,10000,0,0,0.0322005997877568,6.350013427436352e-05,0.3581797000952065,10.755547523498535,12935976,0.9528336573868964,1.049501129864005
2026-06-05T22:19:25.732510+00:00,incremental_load,incremental_new_only,10000,short,5000,0.0,skupione,0.0,hash_or_timestamp,2,11000,1000,0,10000,0,1000,0.038304299814626575,0.010182099882513285,0.4193828001152724,10.757264137268066,12935976,1.115646830830379,0.8963410035913402
2026-06-05T22:19:26.514588+00:00,incremental_load,incremental_new_and_changed,10000,short,5000,0.1,skupione,0.0,hash_or_timestamp,2,11000,1000,1000,9000,0,2000,0.03477670019492507,0.009420499904081225,0.41081749997101724,10.731816291809082,12935976,1.0928613232739826,0.9150291795524527
2026-06-05T22:19:27.281754+00:00,incremental_load,incremental_high_change,10000,short,5000,0.5,skupione,0.0,hash_or_timestamp,2,10000,0,5000,5000,0,5000,0.03091079997830093,0.03105259989388287,0.40054719988256693,11.047767639160156,12935976,1.0655401557339519,0.9384911442508637
2026-06-05T22:19:28.015006+00:00,incremental_append_only,incremental_append_only,10000,short,5000,0.0,skupione,0.0,brak,2,11000,1000,0,10000,0,1000,0.002673099981620908,0.004887100076302886,0.3556247998494655,6.495777130126953,12935976,0.9460370830842182,1.057041016552813
2026-06-05T22:19:29.123081+00:00,incremental_with_deletes,incremental_with_deletes,10000,short,5000,0.0,skupione,0.05,hash_or_timestamp,2,9500,0,0,9500,500,500,0.032465399941429496,0.0029598998371511698,0.3529797000810504,10.885951042175293,12935976,0.9234320897647639,1.0829166660807088
2026-06-05T22:19:29.493842+00:00,full_reload,full_reload,10000,short,10000,,skupione,0.0,hash_or_timestamp,0,10000,10000,0,0,0,10000,0.029492600122466683,0.04766199993900955,0.3692775000818074,8.237421989440918,12935976,,
2026-06-05T22:19:30.241771+00:00,incremental_load,incremental_no_changes,10000,short,10000,0.0,skupione,0.0,hash_or_timestamp,0,10000,0,0,10000,0,0,0.03589769988320768,3.6499928683042526e-05,0.3680243000853807,11.294109344482422,12935976,0.9966063461864071,1.0034052099172146
2026-06-05T22:19:31.027297+00:00,incremental_load,incremental_new_only,10000,short,10000,0.0,skupione,0.0,hash_or_timestamp,0,11000,1000,0,10000,0,1000,0.0425694000441581,0.004901499953120947,0.4154136998113245,11.678555488586426,12935976,1.1249363953105629,0.8889391472874593
2026-06-05T22:19:31.800832+00:00,incremental_load,incremental_new_and_changed,10000,short,10000,0.1,skupione,0.0,hash_or_timestamp,0,11000,1000,1000,9000,0,2000,0.04013850004412234,0.009401800110936165,0.4048836000729352,11.776001930236816,12935976,1.0964209841737986,0.9120584286824317
2026-06-05T22:19:32.549869+00:00,incremental_load,incremental_high_change,10000,short,10000,0.5,skupione,0.0,hash_or_timestamp,0,10000,0,5000,5000,0,5000,0.032468299847096205,0.018292400054633617,0.3754590000025928,12.232231140136719,13743496,1.016739443695909,0.983536151961352
2026-06-05T22:19:33.255565+00:00,incremental_append_only,incremental_append_only,10000,short,10000,0.0,skupione,0.0,brak,0,11000,1000,0,10000,0,1000,0.0026299001183360815,0.005083400057628751,0.3374598999507725,7.038500785827637,13978336,0.9138382378455601,1.094285573295305
2026-06-05T22:19:34.309670+00:00,incremental_with_deletes,incremental_with_deletes,10000,short,10000,0.0,skupione,0.05,hash_or_timestamp,0,9500,0,0,9500,500,500,0.0322155999019742,0.002376300049945712,0.3393245998304337,12.057733535766602,13978336,0.9754216167820192,1.0251977019937968
2026-06-05T22:19:34.674938+00:00,full_reload,full_reload,10000,short,10000,,skupione,0.0,hash_or_timestamp,1,10000,10000,0,0,0,10000,0.028784899972379208,0.046481600031256676,0.36397970002144575,8.237421989440918,13978336,,
2026-06-05T22:19:35.406190+00:00,incremental_load,incremental_no_changes,10000,short,10000,0.0,skupione,0.0,hash_or_timestamp,1,10000,0,0,10000,0,0,0.03338869987055659,3.3400021493434906e-05,0.35536320018582046,11.29416275024414,13978336,0.9763269769299837,1.0242470234146914
2026-06-05T22:19:36.165804+00:00,incremental_load,incremental_new_only,10000,short,10000,0.0,skupione,0.0,hash_or_timestamp,1,11000,1000,0,10000,0,1000,0.037352100014686584,0.005427399883046746,0.39916249993257225,11.678269386291504,13978336,1.0966614344400347,0.9118584538450639
2026-06-05T22:19:36.926830+00:00,incremental_load,incremental_new_and_changed,10000,short,10000,0.1,skupione,0.0,hash_or_timestamp,1,11000,1000,1000,9000,0,2000,0.03556769993156195,0.011799800209701061,0.3967093999963254,11.775483131408691,13978336,1.08992177303556,0.9174970394571371
2026-06-05T22:19:37.661805+00:00,incremental_load,incremental_high_change,10000,short,10000,0.5,skupione,0.0,hash_or_timestamp,1,10000,0,5000,5000,0,5000,0.03301999997347593,0.017770599806681275,0.3713191000279039,12.231986999511719,13978336,1.0201643113778756,0.9802342513328653
2026-06-05T22:19:38.363267+00:00,incremental_append_only,incremental_append_only,10000,short,10000,0.0,skupione,0.0,brak,1,11000,1000,0,10000,0,1000,0.0026291999965906143,0.004544000141322613,0.3348099000286311,7.038500785827637,13978336,0.919858717419966,1.0871234691397125
2026-06-05T22:19:39.416414+00:00,incremental_with_deletes,incremental_with_deletes,10000,short,10000,0.0,skupione,0.05,hash_or_timestamp,1,9500,0,0,9500,500,500,0.031813699984923005,0.0024990998208522797,0.3397349000442773,12.057733535766602,13978336,0.9820426356302981,1.018285727847423
2026-06-05T22:19:39.779372+00:00,full_reload,full_reload,10000,short,10000,,skupione,0.0,hash_or_timestamp,2,10000,10000,0,0,0,10000,0.028195599792525172,0.046566500095650554,0.3616069999989122,8.237421989440918,13978336,,
2026-06-05T22:19:40.493053+00:00,incremental_load,incremental_no_changes,10000,short,10000,0.0,skupione,0.0,hash_or_timestamp,2,10000,0,0,10000,0,0,0.03481399989686906,3.2800016924738884e-05,0.35302640008740127,11.294246673583984,13978336,0.9762709242035227,1.0243058306953434
2026-06-05T22:19:41.251114+00:00,incremental_load,incremental_new_only,10000,short,10000,0.0,skupione,0.0,hash_or_timestamp,2,11000,1000,0,10000,0,1000,0.03629299998283386,0.004818099783733487,0.3922111999709159,11.678257942199707,13978336,1.084633870395473,0.9219701018882859
2026-06-05T22:19:41.997514+00:00,incremental_load,incremental_new_and_changed,10000,short,10000,0.1,skupione,0.0,hash_or_timestamp,2,11000,1000,1000,9000,0,2000,0.035015600034967065,0.008543099975213408,0.3889467001426965,11.762383460998535,13978336,1.0756061142175526,0.9297083632956549
2026-06-05T22:19:42.753435+00:00,incremental_load,incremental_high_change,10000,short,10000,0.5,skupione,0.0,hash_or_timestamp,2,10000,0,5000,5000,0,5000,0.03279970004223287,0.01814990001730621,0.38053989992477,12.438003540039062,13978336,1.0523576698623498,0.950247267291549
2026-06-05T22:19:43.476445+00:00,incremental_append_only,incremental_append_only,10000,short,10000,0.0,skupione,0.0,brak,2,11000,1000,0,10000,0,1000,0.002730600070208311,0.004607500042766333,0.3420142000541091,7.0385847091674805,13978336,0.9458174207223254,1.0572865101557287
2026-06-05T22:19:44.513043+00:00,incremental_with_deletes,incremental_with_deletes,10000,short,10000,0.0,skupione,0.05,hash_or_timestamp,2,9500,0,0,9500,500,500,0.03155319998040795,0.0028067000675946474,0.3353589999023825,12.058862686157227,13978336,0.9866375751290404,1.0135433975025856
2026-06-05T22:19:46.567452+00:00,full_reload,full_reload,50000,short,5000,,skupione,0.0,hash_or_timestamp,0,50000,50000,0,0,0,50000,0.15170939941890538,0.426926500396803,2.0522644999437034,7.080389022827148,34204384,,
2026-06-05T22:19:50.578028+00:00,incremental_load,incremental_no_changes,50000,short,5000,0.0,skupione,0.0,hash_or_timestamp,0,50000,0,0,50000,0,0,0.18924259999766946,0.0002925996668636799,1.8654748999979347,27.091812133789062,34204384,0.908983661730302,1.100129784617298
2026-06-05T22:19:54.798467+00:00,incremental_load,incremental_new_only,50000,short,5000,0.0,skupione,0.0,hash_or_timestamp,0,55000,5000,0,50000,0,5000,0.18436320056207478,0.06790780066512525,2.061998200137168,27.091392517089844,36764384,1.0047429072586558,0.9952794817217506
2026-06-05T22:19:59.197919+00:00,incremental_load,incremental_new_and_changed,50000,short,5000,0.1,skupione,0.0,hash_or_timestamp,0,55000,5000,5000,45000,0,10000,0.19034330011345446,0.16516950051300228,2.225596599979326,28.367462158203125,36768480,1.084458947684559,0.9221188152258891
2026-06-05T22:20:03.683224+00:00,incremental_load,incremental_high_change,50000,short,5000,0.5,skupione,0.0,hash_or_timestamp,0,50000,0,25000,25000,0,25000,0.1716086999513209,0.414531500544399,2.3041865997947752,31.562767028808594,36768480,1.1227532317876094,0.8906676655989972
2026-06-05T22:20:07.680051+00:00,incremental_append_only,incremental_append_only,50000,short,5000,0.0,skupione,0.0,brak,0,55000,5000,0,50000,0,5000,0.017831699922680855,0.07744230004027486,1.857330499915406,11.603580474853516,36768480,0.9050151673755286,1.104953857182217
2026-06-05T22:20:13.687454+00:00,incremental_with_deletes,incremental_with_deletes,50000,short,5000,0.0,skupione,0.05,hash_or_timestamp,0,47500,0,0,47500,2500,2500,0.1597638998646289,0.0490943999029696,1.7970289001241326,31.961780548095703,36768480,0.8922595323380009,1.1207501447249155
2026-06-05T22:20:15.810293+00:00,full_reload,full_reload,50000,short,5000,,skupione,0.0,hash_or_timestamp,1,50000,50000,0,0,0,50000,0.15116280014626682,0.504983100341633,2.120856299996376,7.081701278686523,36768480,,
2026-06-05T22:20:19.873405+00:00,incremental_load,incremental_no_changes,50000,short,5000,0.0,skupione,0.0,hash_or_timestamp,1,50000,0,0,50000,0,0,0.17560889991000295,0.00030350033193826675,1.8375623000320047,27.091812133789062,36768480,0.866424707810305,1.1541683783779397
2026-06-05T22:20:24.114619+00:00,incremental_load,incremental_new_only,50000,short,5000,0.0,skupione,0.0,hash_or_timestamp,1,55000,5000,0,50000,0,5000,0.204254399985075,0.07639020052738488,2.1050988000351936,27.090526580810547,36768480,0.9925702180005268,1.00748539686637
2026-06-05T22:20:28.446679+00:00,incremental_load,incremental_new_and_changed,50000,short,5000,0.1,skupione,0.0,hash_or_timestamp,1,55000,5000,5000,45000,0,10000,0.18619780079461634,0.16613669972866774,2.1869573001749814,28.367218017578125,36768480,1.0311671281919093,0.9697749013328626
2026-06-05T22:20:32.947512+00:00,incremental_load,incremental_high_change,50000,short,5000,0.5,skupione,0.0,hash_or_timestamp,1,50000,0,25000,25000,0,25000,0.17096020025201142,0.4136634008027613,2.3142786000389606,31.562767028808594,36768480,1.0912000968867692,0.9164222060216396
2026-06-05T22:20:36.966348+00:00,incremental_append_only,incremental_append_only,50000,short,5000,0.0,skupione,0.0,brak,1,55000,5000,0,50000,0,5000,0.01804780005477369,0.08338829991407692,1.841654800111428,11.60275650024414,36768480,0.86835435296327,1.1516036012112885
2026-06-05T22:20:42.964235+00:00,incremental_with_deletes,incremental_with_deletes,50000,short,5000,0.0,skupione,0.05,hash_or_timestamp,1,47500,0,0,47500,2500,2500,0.15914759994484484,0.045122000155970454,1.8080380000174046,31.961933135986328,36768480,0.9068730655080649,1.102690153709397
2026-06-05T22:20:45.072017+00:00,full_reload,full_reload,50000,short,5000,,skupione,0.0,hash_or_timestamp,2,50000,50000,0,0,0,50000,0.15226559969596565,0.49476489960215986,2.1048445000778884,7.080389022827148,36768480,,
2026-06-05T22:20:49.093644+00:00,incremental_load,incremental_no_changes,50000,short,5000,0.0,skupione,0.0,hash_or_timestamp,2,50000,0,0,50000,0,0,0.1773146998602897,0.0003291997127234936,1.8467896000947803,27.090286254882812,36768480,0.8773995418789564,1.1397316185719608
2026-06-05T22:20:53.376328+00:00,incremental_load,incremental_new_only,50000,short,5000,0.0,skupione,0.0,hash_or_timestamp,2,55000,5000,0,50000,0,5000,0.2040627000387758,0.07773519982583821,2.0987650000024587,27.090686798095703,36768480,0.9971116630823775,1.0028967035734933
2026-06-05T22:20:57.753824+00:00,incremental_load,incremental_new_and_changed,50000,short,5000,0.1,skupione,0.0,hash_or_timestamp,2,55000,5000,5000,45000,0,10000,0.20510150003246963,0.17680540005676448,2.249972299905494,28.367271423339844,36768480,1.0689494163688744,0.9354979615377037
2026-06-05T22:21:02.383789+00:00,incremental_load,incremental_high_change,50000,short,5000,0.5,skupione,0.0,hash_or_timestamp,2,50000,0,25000,25000,0,25000,0.19270869973115623,0.4295311002060771,2.446096200030297,31.562942504882812,36768480,1.162126798411845,0.8604913004042187
2026-06-05T22:21:06.349395+00:00,incremental_append_only,incremental_append_only,50000,short,5000,0.0,skupione,0.0,brak,2,55000,5000,0,50000,0,5000,0.015921700047329068,0.0884060999378562,1.8026736001484096,11.602703094482422,36768480,0.8564402738927759,1.1676237450332672
2026-06-05T22:21:12.420763+00:00,incremental_with_deletes,incremental_with_deletes,50000,short,5000,0.0,skupione,0.05,hash_or_timestamp,2,47500,0,0,47500,2500,2500,0.17705839942209423,0.04354760027490556,1.85165959992446,31.961986541748047,36768480,0.9199367312053771,1.0870312773463424
2026-06-05T22:21:14.557158+00:00,full_reload,full_reload,50000,short,10000,,skupione,0.0,hash_or_timestamp,0,50000,50000,0,0,0,50000,0.16973450011573732,0.4512267999816686,2.133580799913034,13.951169967651367,37250520,,
2026-06-05T22:21:18.559928+00:00,incremental_load,incremental_no_changes,50000,short,10000,0.0,skupione,0.0,hash_or_timestamp,0,50000,0,0,50000,0,0,0.18860450014472008,0.0001833997666835785,1.8947811000980437,33.96063995361328,37250520,0.8880756239347842,1.1260302310396877
2026-06-05T22:21:22.872616+00:00,incremental_load,incremental_new_only,50000,short,10000,0.0,skupione,0.0,hash_or_timestamp,0,55000,5000,0,50000,0,5000,0.20657400018535554,0.07471879967488348,2.1330764000304043,33.962364196777344,37250520,0.9997635899785703,1.000236465924344
2026-06-05T22:21:27.172714+00:00,incremental_load,incremental_new_and_changed,50000,short,10000,0.1,skupione,0.0,hash_or_timestamp,0,55000,5000,5000,45000,0,10000,0.19426339981146157,0.16459670010954142,2.2206987000536174,35.23851776123047,37254616,1.0408317792061752,0.9607700494720512
2026-06-05T22:21:31.689972+00:00,incremental_load,incremental_high_change,50000,short,10000,0.5,skupione,0.0,hash_or_timestamp,0,50000,0,25000,25000,0,25000,0.1976503999903798,0.3726834000553936,2.394861900014803,38.43267059326172,37254616,1.1224613101657173,0.8908993040057325
2026-06-05T22:21:35.629947+00:00,incremental_append_only,incremental_append_only,50000,short,10000,0.0,skupione,0.0,brak,0,55000,5000,0,50000,0,5000,0.01763559994287789,0.07660179981030524,1.83316809986718,16.34263324737549,37254616,0.8591978798936984,1.163876242482956
2026-06-05T22:21:41.604224+00:00,incremental_with_deletes,incremental_with_deletes,50000,short,10000,0.0,skupione,0.05,hash_or_timestamp,0,47500,0,0,47500,2500,2500,0.16151720006018877,0.060390800004824996,1.8494235000107437,37.601539611816406,37254616,0.9119807720142101,1.0965143462305567
2026-06-05T22:21:43.712756+00:00,full_reload,full_reload,50000,short,10000,,skupione,0.0,hash_or_timestamp,1,50000,50000,0,0,0,50000,0.15551609988324344,0.44080390012823045,2.1061744999606162,13.951101303100586,37254616,,
2026-06-05T22:21:47.709489+00:00,incremental_load,incremental_no_changes,50000,short,10000,0.0,skupione,0.0,hash_or_timestamp,1,50000,0,0,50000,0,0,0.18167129973880947,0.0001739002764225006,1.8612836000975221,33.96063995361328,37254616,0.883727155623775,1.1315709759921933
2026-06-05T22:21:52.018443+00:00,incremental_load,incremental_new_only,50000,short,10000,0.0,skupione,0.0,hash_or_timestamp,1,55000,5000,0,50000,0,5000,0.20879730000160635,0.07559370016679168,2.183374600019306,33.960487365722656,37254616,1.0366541803920488,0.9646418438420933
2026-06-05T22:21:56.336946+00:00,incremental_load,incremental_new_and_changed,50000,short,10000,0.1,skupione,0.0,hash_or_timestamp,1,55000,5000,5000,45000,0,10000,0.20668629929423332,0.16023360006511211,2.223186400020495,35.23854064941406,37258712,1.0555566027705998,0.9473674811708096
2026-06-05T22:22:00.791897+00:00,incremental_load,incremental_high_change,50000,short,10000,0.5,skupione,0.0,hash_or_timestamp,1,50000,0,25000,25000,0,25000,0.19236049987375736,0.3699598000384867,2.3201969999354333,38.679076194763184,37258712,1.1016166988911977,0.9077567551458894
2026-06-05T22:22:04.724003+00:00,incremental_append_only,incremental_append_only,50000,short,10000,0.0,skupione,0.0,brak,1,55000,5000,0,50000,0,5000,0.017728399951010942,0.0762442999985069,1.8390577000100166,16.35328197479248,37258712,0.8731744212288229,1.1452465574892756
2026-06-05T22:22:10.740763+00:00,incremental_with_deletes,incremental_with_deletes,50000,short,10000,0.0,skupione,0.05,hash_or_timestamp,1,47500,0,0,47500,2500,2500,0.17931769997812808,0.04746589995920658,1.8623148000333458,37.60101318359375,37258712,0.9016345051667891,1.1090968616102537
2026-06-05T22:22:12.893313+00:00,full_reload,full_reload,50000,short,10000,,skupione,0.0,hash_or_timestamp,2,50000,50000,0,0,0,50000,0.16274069994688034,0.46735789999365807,2.1501283000689,13.951009750366211,37258712,,
2026-06-05T22:22:16.910109+00:00,incremental_load,incremental_no_changes,50000,short,10000,0.0,skupione,0.0,hash_or_timestamp,2,50000,0,0,50000,0,0,0.16942190006375313,0.0001747002825140953,1.838733500102535,33.96076965332031,37258712,0.8551738517388071,1.1693528724793454
2026-06-05T22:22:21.174425+00:00,incremental_load,incremental_new_only,50000,short,10000,0.0,skupione,0.0,hash_or_timestamp,2,55000,5000,0,50000,0,5000,0.20734199997968972,0.07590659987181425,2.1501982000190765,33.96094512939453,37258712,1.000032509664737,0.999967491392107
2026-06-05T22:22:25.514999+00:00,incremental_load,incremental_new_and_changed,50000,short,10000,0.1,skupione,0.0,hash_or_timestamp,2,55000,5000,5000,45000,0,10000,0.2089794003404677,0.16853820020332932,2.238179099978879,35.23902893066406,37258712,1.040951416669953,0.9606596273234747
2026-06-05T22:22:29.896817+00:00,incremental_load,incremental_high_change,50000,short,10000,0.5,skupione,0.0,hash_or_timestamp,2,50000,0,25000,25000,0,25000,0.17261749994941056,0.36872929986566305,2.304929800098762,38.72283172607422,37262808,1.0719964013426089,0.9328389523953272
2026-06-05T22:22:33.865526+00:00,incremental_append_only,incremental_append_only,50000,short,10000,0.0,skupione,0.0,brak,2,55000,5000,0,50000,0,5000,0.01587069989182055,0.0744666000828147,1.8232043001335114,16.35328197479248,37262808,0.8479513990281824,1.179312872348671
2026-06-05T22:22:39.904176+00:00,incremental_with_deletes,incremental_with_deletes,50000,short,10000,0.0,skupione,0.05,hash_or_timestamp,2,47500,0,0,47500,2500,2500,0.17751360009424388,0.048788199899718165,1.8478182998951524,37.60101318359375,37262808,0.8808409597180314,1.1352787230967472
2026-06-05T22:22:44.656330+00:00,full_reload,full_reload,100000,short,5000,,skupione,0.0,hash_or_timestamp,0,100000,100000,0,0,0,100000,0.34190660039894283,1.3637260999530554,4.749411799944937,7.082372665405273,62253960,,
2026-06-05T22:22:53.363489+00:00,incremental_load,incremental_no_changes,100000,short,5000,0.0,skupione,0.0,hash_or_timestamp,0,100000,0,0,100000,0,0,0.3862623006571084,0.0006081005558371544,3.7959263999946415,47.28514099121094,62253960,0.7992413713291086,1.251186482422747
2026-06-05T22:23:02.624437+00:00,incremental_load,incremental_new_only,100000,short,5000,0.0,skupione,0.0,hash_or_timestamp,0,110000,10000,0,100000,0,10000,0.42824830021709204,0.2106530002783984,4.4017274000216275,48.39419651031494,68066000,0.9267942190383784,1.0789881717622043
2026-06-05T22:23:12.638581+00:00,incremental_load,incremental_new_and_changed,100000,short,5000,0.1,skupione,0.0,hash_or_timestamp,0,110000,10000,10000,90000,0,20000,0.42030090000480413,0.6513958987779915,4.85870199999772,49.878785133361816,68066000,1.0230113126964586,0.9775062969383934
2026-06-05T22:23:23.740456+00:00,incremental_load,incremental_high_change,100000,short,5000,0.5,skupione,0.0,hash_or_timestamp,0,100000,0,50000,50000,0,50000,0.38702410040423274,1.6919105001725256,5.656371500110254,54.52568817138672,68066000,1.1909625314393313,0.8396569779499741
2026-06-05T22:23:32.994571+00:00,incremental_append_only,incremental_append_only,100000,short,5000,0.0,skupione,0.0,brak,0,110000,10000,0,100000,0,10000,0.037015500012785196,0.3016879002097994,3.8831021999940276,24.121280670166016,68066000,0.8175964442668557,1.2230972957529271
2026-06-05T22:23:47.294109+00:00,incremental_with_deletes,incremental_with_deletes,100000,short,5000,0.0,skupione,0.05,hash_or_timestamp,0,95000,0,0,95000,5000,5000,0.3714936994947493,0.13277510018087924,3.8098911000415683,61.499576568603516,68066000,0.7447199313595625,1.3427866744138264
2026-06-05T22:23:52.711946+00:00,full_reload,full_reload,100000,short,5000,,skupione,0.0,hash_or_timestamp,1,100000,100000,0,0,0,100000,0.3567124002147466,2.0044597000814974,5.41447259997949,7.082548141479492,68066000,,
2026-06-05T22:24:01.373783+00:00,incremental_load,incremental_no_changes,100000,short,5000,0.0,skupione,0.0,hash_or_timestamp,1,100000,0,0,100000,0,0,0.3757602998521179,0.0005985999014228582,3.761672700056806,47.28489685058594,68066000,0.6947440642826516,1.4393789762457867
2026-06-05T22:24:10.667129+00:00,incremental_load,incremental_new_only,100000,short,5000,0.0,skupione,0.0,hash_or_timestamp,1,110000,10000,0,100000,0,10000,0.4109456001315266,0.23702130024321377,4.351315299980342,48.21095371246338,68066000,0.8036452710088191,1.2443300994538251
2026-06-05T22:24:20.107982+00:00,incremental_load,incremental_new_and_changed,100000,short,5000,0.1,skupione,0.0,hash_or_timestamp,1,110000,10000,10000,90000,0,20000,0.4168400000780821,0.4693179007153958,4.63936290005222,49.87863254547119,68066000,0.8568448384187581,1.1670724443475948
2026-06-05T22:24:30.189999+00:00,incremental_load,incremental_high_change,100000,short,5000,0.5,skupione,0.0,hash_or_timestamp,1,100000,0,50000,50000,0,50000,0.3929892999585718,1.2244550003670156,5.177568100159988,54.23628234863281,68066000,0.9562460617456261,1.0457559408657864
2026-06-05T22:24:38.822177+00:00,incremental_append_only,incremental_append_only,100000,short,5000,0.0,skupione,0.0,brak,1,110000,10000,0,100000,0,10000,0.036908699898049235,0.22024960000999272,3.751701499801129,24.121280670166016,68066000,0.6929024813636218,1.443204530068957
2026-06-05T22:24:51.938245+00:00,incremental_with_deletes,incremental_with_deletes,100000,short,5000,0.0,skupione,0.05,hash_or_timestamp,1,95000,0,0,95000,5000,5000,0.3659294005483389,0.09901829971931875,3.749087299918756,61.499576568603516,68066000,0.829909448113843,1.2049507356166702
2026-06-05T22:24:56.858884+00:00,full_reload,full_reload,100000,short,5000,,skupione,0.0,hash_or_timestamp,2,100000,100000,0,0,0,100000,0.3627202995121479,1.4833017000928521,4.917369700036943,7.082220077514648,68066000,,
2026-06-05T22:25:05.472506+00:00,incremental_load,incremental_no_changes,100000,short,5000,0.0,skupione,0.0,hash_or_timestamp,2,100000,0,0,100000,0,0,0.38040680019184947,0.0005606997292488813,3.7872843998484313,47.28489685058594,68066000,0.7701850035436584,1.2983893420398367
2026-06-05T22:25:14.694843+00:00,incremental_load,incremental_new_only,100000,short,5000,0.0,skupione,0.0,hash_or_timestamp,2,110000,10000,0,100000,0,10000,0.42157699982635677,0.22161449980922043,4.359996899962425,48.394104957580566,68066000,0.8866522482394744,1.1278378890772425
2026-06-05T22:25:24.174429+00:00,incremental_load,incremental_new_and_changed,100000,short,5000,0.1,skupione,0.0,hash_or_timestamp,2,110000,10000,10000,90000,0,20000,0.42164629977196455,0.46838839957490563,4.647524600150064,49.87863254547119,68070096,0.9451240975668654,1.0580621132975103
2026-06-05T22:25:34.330310+00:00,incremental_load,incremental_high_change,100000,short,5000,0.5,skupione,0.0,hash_or_timestamp,2,100000,0,50000,50000,0,50000,0.3869414005894214,1.278301899554208,5.287448900053278,54.524559020996094,68070096,1.0752595844102497,0.9300079855121426
2026-06-05T22:25:42.897852+00:00,incremental_append_only,incremental_append_only,100000,short,5000,0.0,skupione,0.0,brak,2,110000,10000,0,100000,0,10000,0.03729850007221103,0.21587109984830022,3.772282100049779,24.121280670166016,68070096,0.7671341245750627,1.3035530136974787
2026-06-05T22:25:56.015021+00:00,incremental_with_deletes,incremental_with_deletes,100000,short,5000,0.0,skupione,0.05,hash_or_timestamp,2,95000,0,0,95000,5000,5000,0.3692557003814727,0.09996839961968362,3.748335399897769,61.4991569519043,68070096,0.819419546102339,1.220376063466648
2026-06-05T22:26:00.674801+00:00,full_reload,full_reload,100000,short,10000,,skupione,0.0,hash_or_timestamp,0,100000,100000,0,0,0,100000,0.3526802998967469,1.2212509999517351,4.655778399901465,13.951620101928711,69924096,,
2026-06-05T22:26:09.189181+00:00,incremental_load,incremental_no_changes,100000,short,10000,0.0,skupione,0.0,hash_or_timestamp,0,100000,0,0,100000,0,0,0.3925998997874558,0.0003611000720411539,3.8611856000497937,54.154090881347656,69924096,0.829331911529877,1.2057898485484417
2026-06-05T22:26:18.255130+00:00,incremental_load,incremental_new_only,100000,short,10000,0.0,skupione,0.0,hash_or_timestamp,0,110000,10000,0,100000,0,10000,0.4338968002703041,0.18085619993507862,4.412322400137782,54.164177894592285,70690416,0.9477088514846765,1.0551763850610916
2026-06-05T22:26:27.507173+00:00,incremental_load,incremental_new_and_changed,100000,short,10000,0.1,skupione,0.0,hash_or_timestamp,0,110000,10000,10000,90000,0,20000,0.4385077003389597,0.3614390997681767,4.622363300062716,55.645562171936035,70690416,0.9928228757967829,1.0072290076892692
2026-06-05T22:26:37.054664+00:00,incremental_load,incremental_high_change,100000,short,10000,0.5,skupione,0.0,hash_or_timestamp,0,100000,0,50000,50000,0,50000,0.3886544997803867,0.9702360993251204,4.966145999962464,61.10449981689453,70690416,1.0666628807048824,0.9375033275172849
2026-06-05T22:26:45.341908+00:00,incremental_append_only,incremental_append_only,100000,short,10000,0.0,skupione,0.0,brak,0,110000,10000,0,100000,0,10000,0.036629300098866224,0.16743359994143248,3.7461239001713693,24.121280670166016,70690416,0.8046181708843043,1.2428255241874093
2026-06-05T22:26:58.254313+00:00,incremental_with_deletes,incremental_with_deletes,100000,short,10000,0.0,skupione,0.05,hash_or_timestamp,0,95000,0,0,95000,5000,5000,0.36581570049747825,0.09853010065853596,3.7867617001757026,63.89483642578125,70690416,0.8517751982074623,1.1740186872128617
2026-06-05T22:27:02.956936+00:00,full_reload,full_reload,100000,short,10000,,skupione,0.0,hash_or_timestamp,1,100000,100000,0,0,0,100000,0.3592121002729982,1.2603683001361787,4.698376999935135,13.951559066772461,70690416,,
2026-06-05T22:27:11.484643+00:00,incremental_load,incremental_no_changes,100000,short,10000,0.0,skupione,0.0,hash_or_timestamp,1,100000,0,0,100000,0,0,0.39333890029229224,0.0003697001375257969,3.888040899997577,54.154273986816406,70690416,0.827528506131214,1.2084175863319913
2026-06-05T22:27:20.712895+00:00,incremental_load,incremental_new_only,100000,short,10000,0.0,skupione,0.0,hash_or_timestamp,1,110000,10000,0,100000,0,10000,0.4292405000887811,0.17082409979775548,4.416238599922508,54.164177894592285,70690416,0.9399498167097867,1.0638865843927858
2026-06-05T22:27:29.958074+00:00,incremental_load,incremental_new_and_changed,100000,short,10000,0.1,skupione,0.0,hash_or_timestamp,1,110000,10000,10000,90000,0,20000,0.43439730000682175,0.3641848007682711,4.600730700185522,55.64687442779541,70690416,0.9792170147795801,1.0212240850666776
2026-06-05T22:27:39.508031+00:00,incremental_load,incremental_high_change,100000,short,10000,0.5,skupione,0.0,hash_or_timestamp,1,100000,0,50000,50000,0,50000,0.39035459980368614,0.9684114002157003,4.955668800044805,61.104835510253906,70690416,1.0547618465085329,0.9480813164698692
2026-06-05T22:27:47.950998+00:00,incremental_append_only,incremental_append_only,100000,short,10000,0.0,skupione,0.0,brak,1,110000,10000,0,100000,0,10000,0.03679689997807145,0.16352349985390902,3.8113635000772774,24.121280670166016,70690416,0.8112085301221882,1.232728654676961
2026-06-05T22:28:00.887634+00:00,incremental_with_deletes,incremental_with_deletes,100000,short,10000,0.0,skupione,0.05,hash_or_timestamp,1,95000,0,0,95000,5000,5000,0.36654310021549463,0.0998378002550453,3.816109800012782,63.89495849609375,70690416,0.8520921744561111,1.1735819550722881
2026-06-05T22:28:05.479792+00:00,full_reload,full_reload,100000,short,10000,,skupione,0.0,hash_or_timestamp,2,100000,100000,0,0,0,100000,0.3414611001498997,1.1888137003406882,4.587922500213608,13.95271110534668,70690416,,
2026-06-05T22:28:13.992668+00:00,incremental_load,incremental_no_changes,100000,short,10000,0.0,skupione,0.0,hash_or_timestamp,2,100000,0,0,100000,0,0,0.3848293998744339,0.00034639984369277954,3.8384966000448912,54.154273986816406,70690416,0.8366524499631751,1.1952394331051257
2026-06-05T22:28:23.438394+00:00,incremental_load,incremental_new_only,100000,short,10000,0.0,skupione,0.0,hash_or_timestamp,2,110000,10000,0,100000,0,10000,0.4323429998476058,0.19851650041528046,4.427106099901721,54.16260623931885,70694512,0.9649478821177996,1.0363254000882105
2026-06-05T22:28:33.093790+00:00,incremental_load,incremental_new_and_changed,100000,short,10000,0.1,skupione,0.0,hash_or_timestamp,2,110000,10000,10000,90000,0,20000,0.42540409974753857,0.4653096003457904,4.6832182998768985,55.64699649810791,70694512,1.0207710133854382,0.9796516426181126
2026-06-05T22:28:43.334614+00:00,incremental_load,incremental_high_change,100000,short,10000,0.5,skupione,0.0,hash_or_timestamp,2,100000,0,50000,50000,0,50000,0.4004703003447503,1.1635664000641555,5.291653900174424,61.10486602783203,70694512,1.1533878133137714,0.8670110681392789
2026-06-05T22:28:52.217096+00:00,incremental_append_only,incremental_append_only,100000,short,10000,0.0,skupione,0.0,brak,2,110000,10000,0,100000,0,10000,0.03887829999439418,0.1815478999633342,3.7797377000097185,24.121280670166016,70694512,0.8238451499199776,1.21382034002037
2026-06-05T22:29:05.135650+00:00,incremental_with_deletes,incremental_with_deletes,100000,short,10000,0.0,skupione,0.05,hash_or_timestamp,2,95000,0,0,95000,5000,5000,0.3736700003501028,0.11508710007183254,3.8293707000557333,63.895111083984375,70694512,0.8690770186095985,1.1506460055748107
2026-06-05T22:29:09.428924+00:00,full_reload,full_reload,10000,long,5000,,skupione,0.0,hash_or_timestamp,0,10000,10000,0,0,0,10000,0.05361760011874139,0.34560130001045763,4.287244699895382,52.650649070739746,84261480,,
2026-06-05T22:29:17.824053+00:00,incremental_load,incremental_no_changes,10000,long,5000,0.0,skupione,0.0,hash_or_timestamp,0,10000,0,0,10000,0,0,0.06473960005678236,7.619988173246384e-05,4.0966305998153985,56.328919410705566,84261480,0.9555392534313157,1.046529482079388
2026-06-05T22:29:26.536785+00:00,incremental_load,incremental_new_only,10000,long,5000,0.0,skupione,0.0,hash_or_timestamp,0,11000,1000,0,10000,0,1000,0.06446269992738962,0.04858960001729429,4.4413460998330265,56.205986976623535,85658216,1.0359441577807316,0.9653029967776126
2026-06-05T22:29:35.570595+00:00,incremental_load,incremental_new_and_changed,10000,long,5000,0.1,skupione,0.0,hash_or_timestamp,0,11000,1000,1000,9000,0,2000,0.06250650016590953,0.09829670004546642,4.56591790006496,56.426448822021484,85686888,1.0650005352333582,0.9389666642570131
2026-06-05T22:29:44.443116+00:00,incremental_load,incremental_high_change,10000,long,5000,0.5,skupione,0.0,hash_or_timestamp,0,10000,0,5000,5000,0,5000,0.0641540999058634,0.21727579995058477,4.473817799938843,56.75830841064453,85686888,1.0435181831463956,0.9582966700060939
2026-06-05T22:29:53.250764+00:00,incremental_append_only,incremental_append_only,10000,long,5000,0.0,skupione,0.0,brak,0,11000,1000,0,10000,0,1000,0.005757899954915047,0.050694899866357446,4.4162858000490814,51.706997871398926,85686888,1.0300988418405062,0.9707806274330648
2026-06-05T22:30:05.507879+00:00,incremental_with_deletes,incremental_with_deletes,10000,long,5000,0.0,skupione,0.05,hash_or_timestamp,0,9500,0,0,9500,500,500,0.056940299924463034,0.009704700205475092,3.8546261000446975,54.178860664367676,86609768,0.9391745914019521,1.0647647510429885
2026-06-05T22:30:09.822225+00:00,full_reload,full_reload,10000,long,5000,,skupione,0.0,hash_or_timestamp,1,10000,10000,0,0,0,10000,0.05297139985486865,0.3549222997389734,4.31014829990454,52.65071773529053,86609768,,
2026-06-05T22:30:18.160343+00:00,incremental_load,incremental_no_changes,10000,long,5000,0.0,skupione,0.0,hash_or_timestamp,1,10000,0,0,10000,0,0,0.06397879985161126,6.640003994107246e-05,4.058453999925405,56.32813358306885,86609768,0.9416042598848142,1.0620172853958088
2026-06-05T22:30:26.919824+00:00,incremental_load,incremental_new_only,10000,long,5000,0.0,skupione,0.0,hash_or_timestamp,1,11000,1000,0,10000,0,1000,0.06497389986179769,0.04985950025729835,4.474866800010204,56.20609378814697,86609768,1.0382164344807607,0.9631903009704582
2026-06-05T22:30:35.767217+00:00,incremental_load,incremental_new_and_changed,10000,long,5000,0.1,skupione,0.0,hash_or_timestamp,1,11000,1000,1000,9000,0,2000,0.06484939996153116,0.09927649958990514,4.548104600049555,56.42709732055664,86609768,1.0552083788277737,0.9476801170882432
2026-06-05T22:30:44.312613+00:00,incremental_load,incremental_high_change,10000,long,5000,0.5,skupione,0.0,hash_or_timestamp,1,10000,0,5000,5000,0,5000,0.06241019978187978,0.18925759987905622,4.261539899976924,56.63482666015625,86609768,0.9887223370182663,1.0114062993820332
2026-06-05T22:30:53.036412+00:00,incremental_append_only,incremental_append_only,10000,long,5000,0.0,skupione,0.0,brak,1,11000,1000,0,10000,0,1000,0.004964499967172742,0.054906200151890516,4.404052700148895,51.79795551300049,86609768,1.0217868142138948,0.978677730118629
2026-06-05T22:31:05.327302+00:00,incremental_with_deletes,incremental_with_deletes,10000,long,5000,0.0,skupione,0.05,hash_or_timestamp,1,9500,0,0,9500,500,500,0.05706059979274869,0.010434700176119804,3.8310351001564413,54.17945575714111,86609768,0.9342019389648644,1.0704323747262212
2026-06-05T22:31:09.657935+00:00,full_reload,full_reload,10000,long,5000,,skupione,0.0,hash_or_timestamp,2,10000,10000,0,0,0,10000,0.05920389969833195,0.3330578003078699,4.326298499945551,52.467658042907715,86609768,,
2026-06-05T22:31:17.998628+00:00,incremental_load,incremental_no_changes,10000,long,5000,0.0,skupione,0.0,hash_or_timestamp,2,10000,0,0,10000,0,0,0.05963549995794892,6.839982233941555e-05,4.057999000186101,56.32810306549072,86609768,0.9379840527039853,1.0661162064719942
2026-06-05T22:31:26.818256+00:00,incremental_load,incremental_new_only,10000,long,5000,0.0,skupione,0.0,hash_or_timestamp,2,11000,1000,0,10000,0,1000,0.06570030027069151,0.05070780008099973,4.505023199832067,56.32850742340088,86609768,1.041311227112222,0.9603276849066664
2026-06-05T22:31:35.662210+00:00,incremental_load,incremental_new_and_changed,10000,long,5000,0.1,skupione,0.0,hash_or_timestamp,2,11000,1000,1000,9000,0,2000,0.06903070001862943,0.1011695999186486,4.561509100021794,56.30498123168945,86613864,1.0543676309157133,0.9484357928661987
2026-06-05T22:31:44.228164+00:00,incremental_load,incremental_high_change,10000,long,5000,0.5,skupione,0.0,hash_or_timestamp,2,10000,0,5000,5000,0,5000,0.058197899954393506,0.1788406998384744,4.222303800052032,56.620521545410156,86613864,0.9759621995812753,1.0246298477841025
2026-06-05T22:31:52.977903+00:00,incremental_append_only,incremental_append_only,10000,long,5000,0.0,skupione,0.0,brak,2,11000,1000,0,10000,0,1000,0.005006400169804692,0.04859260004013777,4.405202500056475,51.79893207550049,86613864,1.0182382237637826,0.9820884510734949
2026-06-05T22:32:05.232221+00:00,incremental_with_deletes,incremental_with_deletes,10000,long,5000,0.0,skupione,0.05,hash_or_timestamp,2,9500,0,0,9500,500,500,0.061015999875962734,0.00987579976208508,3.886436899891123,54.179837226867676,86613864,0.9590113403307762,1.0427405369941571
2026-06-05T22:32:09.538063+00:00,full_reload,full_reload,10000,long,10000,,skupione,0.0,hash_or_timestamp,0,10000,10000,0,0,0,10000,0.05421830015257001,0.25518480013124645,4.300051499856636,53.810744285583496,112046240,,
2026-06-05T22:32:17.753451+00:00,incremental_load,incremental_no_changes,10000,long,10000,0.0,skupione,0.0,hash_or_timestamp,0,10000,0,0,10000,0,0,0.05974589986726642,3.409991040825844e-05,4.023324699839577,56.866607666015625,112046240,0.935645700981422,1.0687806281278
2026-06-05T22:32:26.510201+00:00,incremental_load,incremental_new_only,10000,long,10000,0.0,skupione,0.0,hash_or_timestamp,0,11000,1000,0,10000,0,1000,0.0671678998041898,0.0505729999858886,4.582474699942395,61.78631019592285,112046240,1.0656790273547132,0.9383688468396106
2026-06-05T22:32:35.240668+00:00,incremental_load,incremental_new_and_changed,10000,long,10000,0.1,skupione,0.0,hash_or_timestamp,0,11000,1000,1000,9000,0,2000,0.0729951998218894,0.10543139977380633,4.52721400000155,61.88451099395752,112050360,1.0528278557018416,0.9498228932529286
2026-06-05T22:32:43.665782+00:00,incremental_load,incremental_high_change,10000,long,10000,0.5,skupione,0.0,hash_or_timestamp,0,10000,0,5000,5000,0,5000,0.05950170010328293,0.18928899988532066,4.188581800088286,57.797603607177734,112050360,0.974077124478145,1.0266127546478858
2026-06-05T22:32:52.343302+00:00,incremental_append_only,incremental_append_only,10000,long,10000,0.0,skupione,0.0,brak,0,11000,1000,0,10000,0,1000,0.0049888999201357365,0.05347989988513291,4.393401499837637,56.87940216064453,112050360,1.0217090423182404,0.9787522264959279
2026-06-05T22:33:04.392837+00:00,incremental_with_deletes,incremental_with_deletes,10000,long,10000,0.0,skupione,0.05,hash_or_timestamp,0,9500,0,0,9500,500,500,0.05926150013692677,0.005314899841323495,3.886061599943787,55.34284210205078,112050360,0.9796446875054216,1.0207782604797373
2026-06-05T22:33:08.642790+00:00,full_reload,full_reload,10000,long,10000,,skupione,0.0,hash_or_timestamp,1,10000,10000,0,0,0,10000,0.0539597999304533,0.24694799981079996,4.2450326001271605,53.810744285583496,112050360,,
2026-06-05T22:33:16.876709+00:00,incremental_load,incremental_no_changes,10000,long,10000,0.0,skupione,0.0,hash_or_timestamp,1,10000,0,0,10000,0,0,0.05936050019226968,3.4400029107928276e-05,4.045759500004351,56.866607666015625,112050360,0.9530573451622397,1.04925480620452
2026-06-05T22:33:25.608267+00:00,incremental_load,incremental_new_only,10000,long,10000,0.0,skupione,0.0,hash_or_timestamp,1,11000,1000,0,10000,0,1000,0.07146260002627969,0.05007129977457225,4.5230367998592556,61.78636360168457,112050360,1.065489296766241,0.9385359412196811
2026-06-05T22:33:34.334163+00:00,incremental_load,incremental_new_and_changed,10000,long,10000,0.1,skupione,0.0,hash_or_timestamp,1,11000,1000,1000,9000,0,2000,0.06725049996748567,0.10386919998563826,4.5117130998987705,61.88451099395752,112050360,1.0628217789808307,0.9408915208332743
2026-06-05T22:33:42.775204+00:00,incremental_load,incremental_high_change,10000,long,10000,0.5,skupione,0.0,hash_or_timestamp,1,10000,0,5000,5000,0,5000,0.05869189999066293,0.19156319997273386,4.196964500006288,57.799373626708984,112050360,0.9886766240335981,1.0114530633082077
2026-06-05T22:33:51.376296+00:00,incremental_append_only,incremental_append_only,10000,long,10000,0.0,skupione,0.0,brak,1,11000,1000,0,10000,0,1000,0.005014300113543868,0.05303089995868504,4.392922200029716,56.87940216064453,112050360,1.0348382718893903,0.9663345733959151
2026-06-05T22:34:03.395555+00:00,incremental_with_deletes,incremental_with_deletes,10000,long,10000,0.0,skupione,0.05,hash_or_timestamp,1,9500,0,0,9500,500,500,0.06043910002335906,0.005794200347736478,3.8324154000729322,55.342689514160156,112050360,0.9618962461642462,1.0396131640888506
2026-06-05T22:34:07.618816+00:00,full_reload,full_reload,10000,long,10000,,skupione,0.0,hash_or_timestamp,2,10000,10000,0,0,0,10000,0.054429200012236834,0.2490846998989582,4.218443300109357,53.810927391052246,112058600,,
2026-06-05T22:34:15.837938+00:00,incremental_load,incremental_no_changes,10000,long,10000,0.0,skupione,0.0,hash_or_timestamp,2,10000,0,0,10000,0,0,0.060960200149565935,3.550015389919281e-05,3.985999600030482,56.86669158935547,112058600,0.9448982281988123,1.0583150334679154
2026-06-05T22:34:24.519955+00:00,incremental_load,incremental_new_only,10000,long,10000,0.0,skupione,0.0,hash_or_timestamp,2,11000,1000,0,10000,0,1000,0.06692710006609559,0.04924189974553883,4.498067500069737,61.78631019592285,112058600,1.0662861107918962,0.9378345923096874
2026-06-05T22:34:33.251716+00:00,incremental_load,incremental_new_and_changed,10000,long,10000,0.1,skupione,0.0,hash_or_timestamp,2,11000,1000,1000,9000,0,2000,0.06411180016584694,0.10196390002965927,4.540816999971867,61.86999225616455,112062696,1.0764200623140183,0.9290053530312921
2026-06-05T22:34:41.730176+00:00,incremental_load,incremental_high_change,10000,long,10000,0.5,skupione,0.0,hash_or_timestamp,2,10000,0,5000,5000,0,5000,0.059534499887377024,0.19855999993160367,4.277638299856335,57.88144302368164,112062696,1.0140324274941526,0.9861617566522709
2026-06-05T22:34:50.306756+00:00,incremental_append_only,incremental_append_only,10000,long,10000,0.0,skupione,0.0,brak,2,11000,1000,0,10000,0,1000,0.005088499980047345,0.04917879984714091,4.407673100009561,56.879486083984375,112079176,1.0448577322101966,0.9570680956580484
2026-06-05T22:35:02.336608+00:00,incremental_with_deletes,incremental_with_deletes,10000,long,10000,0.0,skupione,0.05,hash_or_timestamp,2,9500,0,0,9500,500,500,0.06222010008059442,0.005320299882441759,3.8464925999287516,55.342567443847656,112079176,0.965553992706516,1.0356748639161333
2026-06-05T22:35:23.721228+00:00,full_reload,full_reload,50000,long,5000,,skupione,0.0,hash_or_timestamp,0,50000,50000,0,0,0,50000,0.2914915999863297,1.607292999746278,21.380103999981657,52.739068031311035,319885640,,
2026-06-05T22:36:05.717656+00:00,incremental_load,incremental_no_changes,50000,long,5000,0.0,skupione,0.0,hash_or_timestamp,0,50000,0,0,50000,0,0,0.3180698996875435,0.0004894998855888844,20.33221310004592,72.70137310028076,319885640,0.950987567696741,1.051538457460559
2026-06-05T22:36:49.762768+00:00,incremental_load,incremental_new_only,50000,long,5000,0.0,skupione,0.0,hash_or_timestamp,0,55000,5000,0,50000,0,5000,0.34078129986301064,0.18045640015043318,22.510530900210142,72.70167827606201,346550600,1.0528728438472261,0.949782308323171
2026-06-05T22:37:34.365701+00:00,incremental_load,incremental_new_and_changed,50000,long,5000,0.1,skupione,0.0,hash_or_timestamp,0,55000,5000,5000,45000,0,10000,0.3404282999690622,0.5977243999950588,23.062498799990863,73.97787475585938,346734920,1.0786897388343224,0.927050628182152
2026-06-05T22:38:18.163710+00:00,incremental_load,incremental_high_change,50000,long,5000,0.5,skupione,0.0,hash_or_timestamp,0,50000,0,25000,25000,0,25000,0.31042080000042915,1.3754654999356717,21.818757199915126,77.17096138000488,346734920,1.0205168880344944,0.9798955918563879
2026-06-05T22:39:01.971634+00:00,incremental_append_only,incremental_append_only,50000,long,5000,0.0,skupione,0.0,brak,0,55000,5000,0,50000,0,5000,0.02951929997652769,0.22433879994787276,22.093257100088522,56.53697681427002,346734920,1.0333559228761224,0.9677207802871217
2026-06-05T22:40:03.633960+00:00,incremental_with_deletes,incremental_with_deletes,50000,long,5000,0.0,skupione,0.05,hash_or_timestamp,0,47500,0,0,47500,2500,2500,0.2799870001617819,0.06762410001829267,19.368033799808472,77.53636932373047,346734920,0.9461024016995337,1.0569680387700604
2026-06-05T22:40:25.266036+00:00,full_reload,full_reload,50000,long,5000,,skupione,0.0,hash_or_timestamp,1,50000,50000,0,0,0,50000,0.2972642001695931,1.8480085001792759,21.62850059987977,52.73848819732666,346734920,,
2026-06-05T22:41:07.473844+00:00,incremental_load,incremental_no_changes,50000,long,5000,0.0,skupione,0.0,hash_or_timestamp,1,50000,0,0,50000,0,0,0.30429839971475303,0.00036570033989846706,20.296072100056335,72.70049571990967,346734920,0.9383947817524233,1.065649574619896
2026-06-05T22:41:51.867206+00:00,incremental_load,incremental_new_only,50000,long,5000,0.0,skupione,0.0,hash_or_timestamp,1,55000,5000,0,50000,0,5000,0.34460720024071634,0.2509968001395464,22.56046890001744,72.70167827606201,346734920,1.0430898247353702,0.9586902070046537
2026-06-05T22:42:36.590122+00:00,incremental_load,incremental_new_and_changed,50000,long,5000,0.1,skupione,0.0,hash_or_timestamp,1,55000,5000,5000,45000,0,10000,0.34530670032836497,0.5271145997103304,22.972858199849725,73.9779281616211,346734920,1.0621567636536684,0.9414806121086514
2026-06-05T22:43:20.426599+00:00,incremental_load,incremental_high_change,50000,long,5000,0.5,skupione,0.0,hash_or_timestamp,1,50000,0,25000,25000,0,25000,0.319159199250862,1.3451514998450875,21.873552700039,77.17028045654297,346734920,1.0113300549442892,0.988796877054234
2026-06-05T22:44:04.556736+00:00,incremental_append_only,incremental_append_only,50000,long,5000,0.0,skupione,0.0,brak,1,55000,5000,0,50000,0,5000,0.030489000026136637,0.2324564999435097,22.12254079990089,56.53697681427002,346734920,1.0228420919767256,0.9776680172277801
2026-06-05T22:45:06.922520+00:00,incremental_with_deletes,incremental_with_deletes,50000,long,5000,0.0,skupione,0.05,hash_or_timestamp,1,47500,0,0,47500,2500,2500,0.30130130029283464,0.07050559972412884,19.552886600140482,77.53646087646484,346734920,0.9486681760268739,1.0541093559057808
2026-06-05T22:45:28.715408+00:00,full_reload,full_reload,50000,long,5000,,skupione,0.0,hash_or_timestamp,2,50000,50000,0,0,0,50000,0.2921468997374177,2.0662304998841137,21.78951819986105,52.73848819732666,346734920,,
2026-06-05T22:46:10.869282+00:00,incremental_load,incremental_no_changes,50000,long,5000,0.0,skupione,0.0,hash_or_timestamp,2,50000,0,0,50000,0,0,0.31711700023151934,0.00035770004615187645,20.28303930000402,72.70152568817139,346734920,0.9308622207228686,1.0742728383835813
2026-06-05T22:46:55.548253+00:00,incremental_load,incremental_new_only,50000,long,5000,0.0,skupione,0.0,hash_or_timestamp,2,55000,5000,0,50000,0,5000,0.3521521002985537,0.26125779980793595,22.660199099918827,72.70054912567139,346734920,1.0399587036331686,0.9615766438671364
2026-06-05T22:47:40.644712+00:00,incremental_load,incremental_new_and_changed,50000,long,5000,0.1,skupione,0.0,hash_or_timestamp,2,55000,5000,5000,45000,0,10000,0.34349200036376715,0.5976019999943674,23.097928199917078,73.97940063476562,346739016,1.0600476792582028,0.9433537939536618
2026-06-05T22:48:25.329037+00:00,incremental_load,incremental_high_change,50000,long,5000,0.5,skupione,0.0,hash_or_timestamp,2,50000,0,25000,25000,0,25000,0.31114829960279167,1.424167500110343,22.178794599836692,77.17064666748047,346739016,1.0178653055292486,0.9824482616391376
2026-06-05T22:49:10.132887+00:00,incremental_append_only,incremental_append_only,50000,long,5000,0.0,skupione,0.0,brak,2,55000,5000,0,50000,0,5000,0.032259600004181266,0.26191799994558096,22.457591000013053,56.53697681427002,346739016,1.0306602832620808,0.9702518048284157
2026-06-05T22:50:13.595045+00:00,incremental_with_deletes,incremental_with_deletes,50000,long,5000,0.0,skupione,0.05,hash_or_timestamp,2,47500,0,0,47500,2500,2500,0.28662650007754564,0.07288849982433021,19.705125899985433,77.53655242919922,346739016,0.9299143620096262,1.0753678412267047
2026-06-05T22:50:35.900926+00:00,full_reload,full_reload,50000,long,10000,,skupione,0.0,hash_or_timestamp,0,50000,50000,0,0,0,50000,0.3015970999840647,2.147492199903354,22.299793999874964,105.25911712646484,350368736,,
2026-06-05T22:51:19.081850+00:00,incremental_load,incremental_no_changes,50000,long,10000,0.0,skupione,0.0,hash_or_timestamp,0,50000,0,0,50000,0,0,0.3096754001453519,0.00019209994934499264,20.70377070014365,125.22072792053223,350368736,0.9284287872910277,1.0770885324633275
2026-06-05T22:52:04.542314+00:00,incremental_load,incremental_new_only,50000,long,10000,0.0,skupione,0.0,hash_or_timestamp,0,55000,5000,0,50000,0,5000,0.3371683997102082,0.25811750045977533,23.00794789986685,125.2207202911377,350368736,1.0317560736209426,0.9692213359021044
2026-06-05T22:52:50.287336+00:00,incremental_load,incremental_new_and_changed,50000,long,10000,0.1,skupione,0.0,hash_or_timestamp,0,55000,5000,5000,45000,0,10000,0.3520098999142647,0.5793938003480434,23.388271000003442,126.4986743927002,350368736,1.0488110787092733,0.9534605614870668
2026-06-05T22:53:34.888912+00:00,incremental_load,incremental_high_change,50000,long,10000,0.5,skupione,0.0,hash_or_timestamp,0,50000,0,25000,25000,0,25000,0.3235765998251736,1.3934536001179367,22.12517250003293,129.68524551391602,351044416,0.9921693671321353,1.0078924356337458
2026-06-05T22:54:19.653695+00:00,incremental_append_only,incremental_append_only,50000,long,10000,0.0,skupione,0.0,brak,0,55000,5000,0,50000,0,5000,0.030919000040739775,0.2645941998343915,22.42384189995937,107.07641220092773,351044416,1.005562737489194,0.9944680353777989
2026-06-05T22:55:23.685064+00:00,incremental_with_deletes,incremental_with_deletes,50000,long,10000,0.0,skupione,0.05,hash_or_timestamp,0,47500,0,0,47500,2500,2500,0.30150839989073575,0.07213820028118789,19.825000900076702,128.83847045898438,351044416,0.9089883992124108,1.1001240509410746
2026-06-05T22:55:46.317548+00:00,full_reload,full_reload,50000,long,10000,,skupione,0.0,hash_or_timestamp,1,50000,50000,0,0,0,50000,0.29917409969493747,2.2628350004088134,22.626712800003588,105.25520896911621,351044416,,
2026-06-05T22:56:29.234086+00:00,incremental_load,incremental_no_changes,50000,long,10000,0.0,skupione,0.0,hash_or_timestamp,1,50000,0,0,50000,0,0,0.30764739983715117,0.00020080013200640678,20.387681499822065,125.22052192687988,351044416,0.9010447818924379,1.1098227525381472
2026-06-05T22:57:14.125418+00:00,incremental_load,incremental_new_only,50000,long,10000,0.0,skupione,0.0,hash_or_timestamp,1,55000,5000,0,50000,0,5000,0.3454018996562809,0.2625363999977708,22.688339499989524,125.22117042541504,351044416,1.0027236258545662,0.9972837721338768
2026-06-05T22:57:59.299456+00:00,incremental_load,incremental_new_and_changed,50000,long,10000,0.1,skupione,0.0,hash_or_timestamp,1,55000,5000,5000,45000,0,10000,0.37356910039670765,0.5574860000051558,23.038369299843907,126.4986743927002,351044416,1.0181933851142644,0.9821316997534583
2026-06-05T22:58:43.247884+00:00,incremental_load,incremental_high_change,50000,long,10000,0.5,skupione,0.0,hash_or_timestamp,1,50000,0,25000,25000,0,25000,0.30918659968301654,1.3845474002882838,21.820397400064394,129.9750633239746,351044416,0.9643644480280377,1.0369523700763037
2026-06-05T22:59:27.682444+00:00,incremental_append_only,incremental_append_only,50000,long,10000,0.0,skupione,0.0,brak,1,55000,5000,0,50000,0,5000,0.02997999987564981,0.2647843000013381,22.16916889999993,107.07641220092773,351044416,0.9797785960316965,1.0206387484378658
2026-06-05T23:00:30.303213+00:00,incremental_with_deletes,incremental_with_deletes,50000,long,10000,0.0,skupione,0.05,hash_or_timestamp,1,47500,0,0,47500,2500,2500,0.29713359964080155,0.09333369974046946,19.476219500182196,128.83944702148438,351044416,0.9250388914811992,1.0810356291061134
2026-06-05T23:00:52.417753+00:00,full_reload,full_reload,50000,long,10000,,skupione,0.0,hash_or_timestamp,2,50000,50000,0,0,0,50000,0.29140129988081753,2.179619600530714,22.10853850003332,105.25639915466309,351044416,,
2026-06-05T23:01:34.875860+00:00,incremental_load,incremental_no_changes,50000,long,10000,0.0,skupione,0.0,hash_or_timestamp,2,50000,0,0,50000,0,0,0.2981659003999084,0.00018309964798390865,20.347969700116664,125.2207202911377,351044416,0.9203670201938494,1.0865230696655972
2026-06-05T23:02:19.630038+00:00,incremental_load,incremental_new_only,50000,long,10000,0.0,skupione,0.0,hash_or_timestamp,2,55000,5000,0,50000,0,5000,0.34475520020350814,0.2651042996440083,22.691612900001928,125.22077369689941,351044416,1.0263732675033101,0.9743044091868605
2026-06-05T23:03:04.610899+00:00,incremental_load,incremental_new_and_changed,50000,long,10000,0.1,skupione,0.0,hash_or_timestamp,2,55000,5000,5000,45000,0,10000,0.34013510029762983,0.5690197004005313,23.0226586998906,126.20890235900879,351048512,1.0413469302756444,0.9602947595335015
2026-06-05T23:03:48.359900+00:00,incremental_load,incremental_high_change,50000,long,10000,0.5,skupione,0.0,hash_or_timestamp,2,50000,0,25000,25000,0,25000,0.3158966002520174,1.3861037001479417,21.81165220006369,129.97497177124023,351048512,0.986571419003152,1.013611362277671
2026-06-05T23:04:32.549998+00:00,incremental_append_only,incremental_append_only,50000,long,10000,0.0,skupione,0.0,brak,2,55000,5000,0,50000,0,5000,0.029894100036472082,0.27410169993527234,22.08676079986617,107.07659530639648,351048512,0.9990149642787507,1.0009860069733394
2026-06-05T23:05:35.072258+00:00,incremental_with_deletes,incremental_with_deletes,50000,long,10000,0.0,skupione,0.05,hash_or_timestamp,2,47500,0,0,47500,2500,2500,0.2964263001922518,0.07268430013209581,19.439576799981296,128.83847045898438,351048512,0.9253134946054982,1.0807148126877193
2026-06-05T23:06:19.717415+00:00,full_reload,full_reload,100000,long,5000,,skupione,0.0,hash_or_timestamp,0,100000,100000,0,0,0,100000,0.595371299656108,4.825844000792131,44.64008790021762,52.74229621887207,590648128,,
2026-06-05T23:07:45.195256+00:00,incremental_load,incremental_no_changes,100000,long,5000,0.0,skupione,0.0,hash_or_timestamp,0,100000,0,0,100000,0,0,0.63230250030756,0.000738499453291297,40.77612109994516,92.84945297241211,590648128,0.9134417743775628,1.0947605288595648
2026-06-05T23:09:14.959094+00:00,incremental_load,incremental_new_only,100000,long,5000,0.0,skupione,0.0,hash_or_timestamp,0,110000,10000,0,100000,0,10000,0.6967224003747106,0.4441084007266909,45.07792090019211,94.02120590209961,644309824,1.0098080676040146,0.9902871962319668
2026-06-05T23:10:44.588826+00:00,incremental_load,incremental_new_and_changed,100000,long,5000,0.1,skupione,0.0,hash_or_timestamp,0,110000,10000,10000,90000,0,20000,0.7091698003932834,1.141868400387466,45.83876620000228,95.50420761108398,644715328,1.0268520595762272,0.9738501185971145
2026-06-05T23:12:13.334633+00:00,incremental_load,incremental_high_change,100000,long,5000,0.5,skupione,0.0,hash_or_timestamp,0,100000,0,50000,50000,0,50000,0.6468386009801179,3.3704122994095087,44.198925599921495,100.09054946899414,644715328,0.990117351442447,1.0099812901401592
2026-06-05T23:13:41.662670+00:00,incremental_append_only,incremental_append_only,100000,long,5000,0.0,skupione,0.0,brak,0,110000,10000,0,100000,0,10000,0.06267980020493269,0.5217347999569029,44.06138369999826,64.99596691131592,644715328,0.9870362217585028,1.0131340450894506
2026-06-05T23:15:48.566101+00:00,incremental_with_deletes,incremental_with_deletes,100000,long,5000,0.0,skupione,0.05,hash_or_timestamp,0,95000,0,0,95000,5000,5000,0.6085863001644611,0.15199719951488078,39.15352369984612,103.73309230804443,644715328,0.9119863108011907,1.0965076867453067
2026-06-05T23:16:34.595089+00:00,full_reload,full_reload,100000,long,5000,,skupione,0.0,hash_or_timestamp,1,100000,100000,0,0,0,100000,0.6399184004403651,5.008534699911252,46.024708200013265,52.7424259185791,644715328,,
2026-06-05T23:18:01.624829+00:00,incremental_load,incremental_no_changes,100000,long,5000,0.0,skupione,0.0,hash_or_timestamp,1,100000,0,0,100000,0,0,0.6378268008120358,0.0007374000269919634,41.36361430003308,92.84945297241211,644715328,0.8987262693828694,1.1126858467002112
2026-06-05T23:19:32.137175+00:00,incremental_load,incremental_new_only,100000,long,5000,0.0,skupione,0.0,hash_or_timestamp,1,110000,10000,0,100000,0,10000,0.6947895986959338,0.5548889001365751,45.561894099926576,93.83805465698242,644715328,0.9899442252175635,1.0101579205436815
2026-06-05T23:21:03.263352+00:00,incremental_load,incremental_new_and_changed,100000,long,5000,0.1,skupione,0.0,hash_or_timestamp,1,110000,10000,10000,90000,0,20000,0.7106336997821927,1.2532352996058762,46.47014440014027,95.50420761108398,644715328,1.0096781971586053,0.9904145724986028
2026-06-05T23:22:32.478235+00:00,incremental_load,incremental_high_change,100000,long,5000,0.5,skupione,0.0,hash_or_timestamp,1,100000,0,50000,50000,0,50000,0.6440775995142758,3.209044100018218,44.011085000121966,99.80083847045898,644719424,0.956249082750497,1.045752637088718
2026-06-05T23:24:01.120013+00:00,incremental_append_only,incremental_append_only,100000,long,5000,0.0,skupione,0.0,brak,1,110000,10000,0,100000,0,10000,0.061506199883297086,0.5470332000404596,44.04944070009515,64.99580669403076,644719424,0.9570824546820799,1.0448420563013834
2026-06-05T23:26:06.779824+00:00,incremental_with_deletes,incremental_with_deletes,100000,long,5000,0.0,skupione,0.05,hash_or_timestamp,1,95000,0,0,95000,5000,5000,0.5997982996050268,0.15037409984506667,38.72407629992813,103.73246669769287,644719424,0.9244562325511884,1.081716975654257
2026-06-05T23:26:51.531125+00:00,full_reload,full_reload,100000,long,5000,,skupione,0.0,hash_or_timestamp,2,100000,100000,0,0,0,100000,0.6130110998637974,4.770458100363612,44.74585289997049,52.742265701293945,644719424,,
2026-06-05T23:28:16.452178+00:00,incremental_load,incremental_no_changes,100000,long,5000,0.0,skupione,0.0,hash_or_timestamp,2,100000,0,0,100000,0,0,0.6266182998660952,0.0007746992632746696,40.42331960005686,92.84945297241211,644719424,0.9033981247474113,1.1069316756436685
2026-06-05T23:29:45.809601+00:00,incremental_load,incremental_new_only,100000,long,5000,0.0,skupione,0.0,hash_or_timestamp,2,110000,10000,0,100000,0,10000,0.6844737003557384,0.598387299804017,44.93128039990552,94.02120590209961,644719424,1.0041440153202477,0.9958730866718096
2026-06-05T23:31:16.318150+00:00,incremental_load,incremental_new_and_changed,100000,long,5000,0.1,skupione,0.0,hash_or_timestamp,2,110000,10000,10000,90000,0,20000,0.7029163998086005,1.2442089004907757,45.98240930004977,95.50411605834961,644719424,1.027635106271046,0.9731080554737713
2026-06-05T23:32:45.225415+00:00,incremental_load,incremental_high_change,100000,long,5000,0.5,skupione,0.0,hash_or_timestamp,2,100000,0,50000,50000,0,50000,0.6419538997579366,3.4272589003667235,44.196185200009495,100.08385467529297,644719424,0.9877157844953861,1.012436994221865
2026-06-05T23:34:14.144104+00:00,incremental_append_only,incremental_append_only,100000,long,5000,0.0,skupione,0.0,brak,2,110000,10000,0,100000,0,10000,0.06044509983621538,0.5778978001326323,43.965582200093195,64.81270122528076,644719424,0.9825621672332051,1.0177473073443262
2026-06-05T23:36:19.222755+00:00,incremental_with_deletes,incremental_with_deletes,100000,long,5000,0.0,skupione,0.05,hash_or_timestamp,2,95000,0,0,95000,5000,5000,0.5977784995920956,0.1590565002989024,38.75104009988718,103.73600673675537,644719424,0.9236286661538264,1.0826861883403847
2026-06-05T23:37:03.571448+00:00,full_reload,full_reload,100000,long,10000,,skupione,0.0,hash_or_timestamp,0,100000,100000,0,0,0,100000,0.6070153000764549,4.580565200652927,44.33424110012129,105.25889587402344,648307944,,
2026-06-05T23:38:28.192839+00:00,incremental_load,incremental_no_changes,100000,long,10000,0.0,skupione,0.0,hash_or_timestamp,0,100000,0,0,100000,0,0,0.6296345996670425,0.0003889002837240696,40.378823100123554,145.36513710021973,648307944,0.9107818719381008,1.0979577336909958
2026-06-05T23:39:57.679741+00:00,incremental_load,incremental_new_only,100000,long,10000,0.0,skupione,0.0,hash_or_timestamp,0,110000,10000,0,100000,0,10000,0.695004100445658,0.5127304997295141,45.001954100094736,145.4351987838745,649556304,1.0150608871022633,0.9851625776407776
2026-06-05T23:41:27.754471+00:00,incremental_load,incremental_new_and_changed,100000,long,10000,0.1,skupione,0.0,hash_or_timestamp,0,110000,10000,10000,90000,0,20000,0.7010889004450291,1.0845079999417067,45.605466099921614,146.91904735565186,649556304,1.0286736609955605,0.9721256000976929
2026-06-05T23:42:56.198472+00:00,incremental_load,incremental_high_change,100000,long,10000,0.5,skupione,0.0,hash_or_timestamp,0,100000,0,50000,50000,0,50000,0.6408627000637352,3.052801800193265,43.69805819983594,152.31479740142822,649556304,0.9856503035915595,1.0145586080135647
2026-06-05T23:44:24.435629+00:00,incremental_append_only,incremental_append_only,100000,long,10000,0.0,skupione,0.0,brak,0,110000,10000,0,100000,0,10000,0.0609656001906842,0.5181819000281394,43.9100728998892,113.1295280456543,649556304,0.9904324921391081,1.009659929310506
2026-06-05T23:46:29.706953+00:00,incremental_with_deletes,incremental_with_deletes,100000,long,10000,0.0,skupione,0.05,hash_or_timestamp,0,95000,0,0,95000,5000,5000,0.6007933004293591,0.15085340035147965,38.7764284000732,155.03609085083008,649556304,0.9240470657239047,1.0821959585106125
2026-06-05T23:47:14.176065+00:00,full_reload,full_reload,100000,long,10000,,skupione,0.0,hash_or_timestamp,1,100000,100000,0,0,0,100000,0.6078804999124259,4.688600500114262,44.461603600066155,105.25907897949219,649556304,,
2026-06-05T23:48:39.359614+00:00,incremental_load,incremental_no_changes,100000,long,10000,0.0,skupione,0.0,hash_or_timestamp,1,100000,0,0,100000,0,0,0.6318764998577535,0.0003646998666226864,40.566043599974364,145.3652286529541,649556304,0.9123837269763704,1.0960300698413254
2026-06-05T23:50:08.865191+00:00,incremental_load,incremental_new_only,100000,long,10000,0.0,skupione,0.0,hash_or_timestamp,1,110000,10000,0,100000,0,10000,0.6933336996007711,0.5328490005340427,45.08953249990009,145.43535137176514,649556304,1.0141229476444928,0.9860737323050461
2026-06-05T23:51:38.991573+00:00,incremental_load,incremental_new_and_changed,100000,long,10000,0.1,skupione,0.0,hash_or_timestamp,1,110000,10000,10000,90000,0,20000,0.7004064000211656,1.1895207003690302,45.785290400031954,146.91972637176514,649560400,1.0297714588045994,0.9710892562130636
2026-06-05T23:53:07.555760+00:00,incremental_load,incremental_high_change,100000,long,10000,0.5,skupione,0.0,hash_or_timestamp,1,100000,0,50000,50000,0,50000,0.6435443998780102,2.9778361001517624,43.83161669992842,152.31688022613525,649560400,0.9858307652192554,1.014372887599621
2026-06-05T23:54:36.070436+00:00,incremental_append_only,incremental_append_only,100000,long,10000,0.0,skupione,0.0,brak,1,110000,10000,0,100000,0,10000,0.06040219985879958,0.5334650999866426,43.99930020002648,113.1295280456543,649560400,0.9896021878968174,1.010507062565495
2026-06-05T23:56:41.553078+00:00,incremental_with_deletes,incremental_with_deletes,100000,long,10000,0.0,skupione,0.05,hash_or_timestamp,1,95000,0,0,95000,5000,5000,0.6020294001791626,0.15709700039587915,38.745020400034264,155.03631210327148,649560400,0.9169427581121864,1.090580618204361
2026-06-05T23:57:25.961917+00:00,full_reload,full_reload,100000,long,10000,,skupione,0.0,hash_or_timestamp,2,100000,100000,0,0,0,100000,0.6096757997293025,4.7923257001675665,44.40196719998494,105.25844478607178,649560400,,
2026-06-05T23:58:50.555369+00:00,incremental_load,incremental_no_changes,100000,long,10000,0.0,skupione,0.0,hash_or_timestamp,2,100000,0,0,100000,0,0,0.6271387997549027,0.0004094999749213457,40.41088470001705,145.3653049468994,649560400,0.9101147369891927,1.098762561859137
2026-06-06T00:00:19.795877+00:00,incremental_load,incremental_new_only,100000,long,10000,0.0,skupione,0.0,hash_or_timestamp,2,110000,10000,0,100000,0,10000,0.6937770000658929,0.5318938000127673,44.85621300013736,145.43530559539795,649560400,1.0102303079975379,0.9898732913509433
2026-06-06T00:01:50.299000+00:00,incremental_load,incremental_new_and_changed,100000,long,10000,0.1,skupione,0.0,hash_or_timestamp,2,110000,10000,10000,90000,0,20000,0.7085458994843066,1.1944206997286528,45.728176000062376,146.91972637176514,649560400,1.0298682442177447,0.9709979947576385
2026-06-06T00:03:18.182122+00:00,incremental_load,incremental_high_change,100000,long,10000,0.5,skupione,0.0,hash_or_timestamp,2,100000,0,50000,50000,0,50000,0.6376104997470975,3.0258937999606133,43.76638070004992,152.31529331207275,649560400,0.9856856229573713,1.0145222540627923
2026-06-06T00:04:46.800508+00:00,incremental_append_only,incremental_append_only,100000,long,10000,0.0,skupione,0.0,brak,2,110000,10000,0,100000,0,10000,0.06037550000473857,0.5367811000905931,43.89513209997676,113.1066255569458,649560400,0.9885853007880168,1.0115464990253087
2026-06-06T00:06:51.797787+00:00,incremental_with_deletes,incremental_with_deletes,100000,long,10000,0.0,skupione,0.05,hash_or_timestamp,2,95000,0,0,95000,5000,5000,0.5928389001637697,0.15379869961179793,38.67650980013423,155.03637313842773,649560400,0.9216691976477174,1.0849879789323527
