run_at,backend,mode,scenario,dataset_size,text_variant,batch_size,change_ratio,change_distribution,delete_ratio,detection_method,run_index,records_total,records_inserted,records_updated,records_skipped,records_deleted,db_writes,hashing_time_sec,load_time_sec,total_time_sec,peak_memory_mb,db_size_bytes,incremental_to_full_ratio,speedup_vs_full
2026-06-10T07:47:54.495848+00:00,sqlite,full_reload,full_reload,10000,short,5000,,skupione,0.0,hash_or_timestamp,0,10000,10000,0,0,0,10000,0.030280400000265217,0.04867370000010851,0.42368100000021514,7.071127891540527,10936968,,
2026-06-10T07:47:55.264902+00:00,sqlite,incremental_load,incremental_no_changes,10000,short,5000,0.0,skupione,0.0,hash_or_timestamp,0,10000,0,0,10000,0,0,0.03819130000010773,8.100000059130252e-05,0.3792468999999983,10.75624942779541,10936968,0.8951236897566937,1.1171640427389573
2026-06-10T07:47:56.043753+00:00,sqlite,incremental_load,incremental_new_only,10000,short,5000,0.0,skupione,0.0,hash_or_timestamp,0,11000,1000,0,10000,0,1000,0.03599610000037501,0.00446639999972831,0.40788000000020475,10.633538246154785,10936968,0.9627054316809053,1.0387393350985645
2026-06-10T07:47:56.837229+00:00,sqlite,incremental_load,incremental_new_and_changed,10000,short,5000,0.1,skupione,0.0,hash_or_timestamp,0,11000,1000,1000,9000,0,2000,0.03781620000017938,0.00920189999987997,0.41417849999970713,10.853543281555176,12886776,0.9775715691746781,1.0229430064586036
2026-06-10T07:47:57.609867+00:00,sqlite,incremental_load,incremental_high_change,10000,short,5000,0.5,skupione,0.0,hash_or_timestamp,0,10000,0,5000,5000,0,5000,0.03156170000011116,0.029946699999527482,0.4050554000000375,11.060714721679688,12927736,0.9560386233978673,1.0459828458037492
2026-06-10T07:47:58.326100+00:00,sqlite,incremental_append_only,incremental_append_only,10000,short,5000,0.0,skupione,0.0,brak,0,11000,1000,0,10000,0,1000,0.003119299999980285,0.004557699999622855,0.35052589999986594,6.405300140380859,12927736,0.8273344804220344,1.2087009832950353
2026-06-10T07:47:59.396386+00:00,sqlite,incremental_with_deletes,incremental_with_deletes,10000,short,5000,0.0,skupione,0.05,hash_or_timestamp,0,9500,0,0,9500,500,500,0.029551200000241806,0.0026130999999622873,0.3445738000000347,10.88513469696045,12935976,0.9697448133288289,1.031199121929113
2026-06-10T07:47:59.773583+00:00,sqlite,full_reload,full_reload,10000,short,5000,,skupione,0.0,hash_or_timestamp,1,10000,10000,0,0,0,10000,0.028893199999401986,0.04728690000047209,0.3761248999999225,7.06888484954834,12935976,,
2026-06-10T07:48:00.514206+00:00,sqlite,incremental_load,incremental_no_changes,10000,short,5000,0.0,skupione,0.0,hash_or_timestamp,1,10000,0,0,10000,0,0,0.03286679999973785,6.260000009206124e-05,0.36727939999991577,10.75624942779541,12935976,0.976482546090385,1.0240838446153222
2026-06-10T07:48:01.304755+00:00,sqlite,incremental_load,incremental_new_only,10000,short,5000,0.0,skupione,0.0,hash_or_timestamp,1,11000,1000,0,10000,0,1000,0.034688500000356726,0.004891000000043277,0.4015411000000313,10.755654335021973,12935976,1.0675738298637343,0.9367033661059682
2026-06-10T07:48:02.091960+00:00,sqlite,incremental_load,incremental_new_and_changed,10000,short,5000,0.1,skupione,0.0,hash_or_timestamp,1,11000,1000,1000,9000,0,2000,0.0378353000005518,0.008906999999908294,0.4125615999996626,10.853619575500488,12935976,1.0968739373536494,0.9116817949131235
2026-06-10T07:48:02.872109+00:00,sqlite,incremental_load,incremental_high_change,10000,short,5000,0.5,skupione,0.0,hash_or_timestamp,1,10000,0,5000,5000,0,5000,0.035928599999806465,0.03036049999991519,0.40545769999971526,11.061546325683594,12935976,1.0779868602153135,0.9276550920112915
2026-06-10T07:48:03.591629+00:00,sqlite,incremental_append_only,incremental_append_only,10000,short,5000,0.0,skupione,0.0,brak,1,11000,1000,0,10000,0,1000,0.002639199999975972,0.00457830000004833,0.34211310000000594,6.495777130126953,12935976,0.9095731231834863,1.0994168302819036
2026-06-10T07:48:04.702115+00:00,sqlite,incremental_with_deletes,incremental_with_deletes,10000,short,5000,0.0,skupione,0.05,hash_or_timestamp,1,9500,0,0,9500,500,500,0.030315099999370432,0.0024707000002308632,0.3487199999999575,10.885241508483887,12935976,0.905068743127412,1.104888449185151
2026-06-10T07:48:05.082880+00:00,sqlite,full_reload,full_reload,10000,short,5000,,skupione,0.0,hash_or_timestamp,2,10000,10000,0,0,0,10000,0.030701499999850057,0.04659960000026331,0.37878790000013396,6.885672569274902,12935976,,
2026-06-10T07:48:05.828950+00:00,sqlite,incremental_load,incremental_no_changes,10000,short,5000,0.0,skupione,0.0,hash_or_timestamp,2,10000,0,0,10000,0,0,0.03455980000035197,6.79999998283165e-05,0.37652440000010756,10.755547523498535,12935976,0.9940243603345682,1.0060115625973396
2026-06-10T07:48:06.603900+00:00,sqlite,incremental_load,incremental_new_only,10000,short,5000,0.0,skupione,0.0,hash_or_timestamp,2,11000,1000,0,10000,0,1000,0.03579390000004423,0.00463930000023538,0.4034381999999823,10.755951881408691,12935976,1.0650767883552765,0.9388994398650167
2026-06-10T07:48:07.381928+00:00,sqlite,incremental_load,incremental_new_and_changed,10000,short,5000,0.1,skupione,0.0,hash_or_timestamp,2,11000,1000,1000,9000,0,2000,0.03412530000014158,0.008726499999738735,0.4081538000000364,10.731816291809082,12935976,1.0775259716582606,0.9280518765232619
2026-06-10T07:48:08.147175+00:00,sqlite,incremental_load,incremental_high_change,10000,short,5000,0.5,skupione,0.0,hash_or_timestamp,2,10000,0,5000,5000,0,5000,0.030994900000223424,0.03102149999995163,0.3939476000000468,11.047767639160156,12935976,1.0400216057585459,0.9615184862151437
2026-06-10T07:48:08.881903+00:00,sqlite,incremental_append_only,incremental_append_only,10000,short,5000,0.0,skupione,0.0,brak,2,11000,1000,0,10000,0,1000,0.002616299999772309,0.004746099999920261,0.346401099999639,6.495777130126953,12935976,0.9144988527867877,1.093495084168407
2026-06-10T07:48:09.989794+00:00,sqlite,incremental_with_deletes,incremental_with_deletes,10000,short,5000,0.0,skupione,0.05,hash_or_timestamp,2,9500,0,0,9500,500,500,0.035221099999489525,0.0024883999994926853,0.36220659999980853,10.886004447937012,12935976,0.9636783426951653,1.0376906439582863
2026-06-10T07:48:10.376914+00:00,sqlite,full_reload,full_reload,10000,short,10000,,skupione,0.0,hash_or_timestamp,0,10000,10000,0,0,0,10000,0.028556900000239693,0.06357909999996991,0.38546690000021044,8.23747730255127,12935976,,
2026-06-10T07:48:11.155200+00:00,sqlite,incremental_load,incremental_no_changes,10000,short,10000,0.0,skupione,0.0,hash_or_timestamp,0,10000,0,0,10000,0,0,0.03449300000011135,3.239999978177366e-05,0.36402750000024753,11.294279098510742,12935976,0.9443806977980439,1.058895001064338
2026-06-10T07:48:11.984287+00:00,sqlite,incremental_load,incremental_new_only,10000,short,10000,0.0,skupione,0.0,hash_or_timestamp,0,11000,1000,0,10000,0,1000,0.03971839999985605,0.027155499999935273,0.4371707999998762,11.678502082824707,12935976,1.1341331771927434,0.8817306645373378
2026-06-10T07:48:12.810557+00:00,sqlite,incremental_load,incremental_new_and_changed,10000,short,10000,0.1,skupione,0.0,hash_or_timestamp,0,11000,1000,1000,9000,0,2000,0.039456300000438205,0.030142399999931513,0.4322572000000946,11.776001930236816,12935976,1.121386038593349,0.8917535670895155
2026-06-10T07:48:13.631182+00:00,sqlite,incremental_load,incremental_high_change,10000,short,10000,0.5,skupione,0.0,hash_or_timestamp,0,10000,0,5000,5000,0,5000,0.034234700000070006,0.05180160000008982,0.4277508999998645,12.23228645324707,13743496,1.1096955406537654,0.9011480747330574
2026-06-10T07:48:14.402873+00:00,sqlite,incremental_append_only,incremental_append_only,10000,short,10000,0.0,skupione,0.0,brak,0,11000,1000,0,10000,0,1000,0.0026660999997147883,0.009536600000046747,0.35574369999994815,7.038500785827637,13978336,0.9228903960359603,1.0835522877854664
2026-06-10T07:48:15.581315+00:00,sqlite,incremental_with_deletes,incremental_with_deletes,10000,short,10000,0.0,skupione,0.05,hash_or_timestamp,0,9500,0,0,9500,500,500,0.033302399999683985,0.024742000000060216,0.3799902999999176,12.057788848876953,13978336,1.0399660962396375,0.9615698084926528
2026-06-10T07:48:15.989930+00:00,sqlite,full_reload,full_reload,10000,short,10000,,skupione,0.0,hash_or_timestamp,1,10000,10000,0,0,0,10000,0.030168699999649107,0.07420970000021043,0.4071776000000682,8.23747730255127,13978336,,
2026-06-10T07:48:16.806195+00:00,sqlite,incremental_load,incremental_no_changes,10000,short,10000,0.0,skupione,0.0,hash_or_timestamp,1,10000,0,0,10000,0,0,0.0373899999999594,3.600000036385609e-05,0.37889880000011544,11.294218063354492,13978336,0.9305492247118996,1.074634176724614
2026-06-10T07:48:17.716603+00:00,sqlite,incremental_load,incremental_new_only,10000,short,10000,0.0,skupione,0.0,hash_or_timestamp,1,11000,1000,0,10000,0,1000,0.044223500000043714,0.03779819999999745,0.46227959999987434,11.678433418273926,13978336,1.1353266977353296,0.8808037386901323
2026-06-10T07:48:18.584850+00:00,sqlite,incremental_load,incremental_new_and_changed,10000,short,10000,0.1,skupione,0.0,hash_or_timestamp,1,11000,1000,1000,9000,0,2000,0.03654000000005908,0.04518350000034843,0.4505192999999963,11.678399085998535,13978336,1.1064442150057392,0.9037961303768153
2026-06-10T07:48:19.404584+00:00,sqlite,incremental_load,incremental_high_change,10000,short,10000,0.5,skupione,0.0,hash_or_timestamp,1,10000,0,5000,5000,0,5000,0.03424249999989115,0.045396700000310375,0.42419589999963137,12.315881729125977,13978336,1.0417957667601565,0.9598810360977605
2026-06-10T07:48:20.193060+00:00,sqlite,incremental_append_only,incremental_append_only,10000,short,10000,0.0,skupione,0.0,brak,1,11000,1000,0,10000,0,1000,0.0026430000002619636,0.03667939999968439,0.38389809999989666,7.039202690124512,13978336,0.9428271594504029,1.0606397895696222
2026-06-10T07:48:21.368981+00:00,sqlite,incremental_with_deletes,incremental_with_deletes,10000,short,10000,0.0,skupione,0.05,hash_or_timestamp,1,9500,0,0,9500,500,500,0.033307800000329735,0.04037499999958527,0.40156789999991815,12.057788848876953,13978336,1.098194834680353,0.9105852335310481
2026-06-10T07:48:21.746838+00:00,sqlite,full_reload,full_reload,10000,short,10000,,skupione,0.0,hash_or_timestamp,2,10000,10000,0,0,0,10000,0.0291109999998298,0.05367979999982708,0.3767809999999372,8.23747730255127,13978336,,
2026-06-10T07:48:22.538277+00:00,sqlite,incremental_load,incremental_no_changes,10000,short,10000,0.0,skupione,0.0,hash_or_timestamp,2,10000,0,0,10000,0,0,0.03656520000004093,3.569999989849748e-05,0.37795039999991786,11.294301986694336,13978336,1.0031036596855492,0.9969059432137631
2026-06-10T07:48:23.378070+00:00,sqlite,incremental_load,incremental_new_only,10000,short,10000,0.0,skupione,0.0,hash_or_timestamp,2,11000,1000,0,10000,0,1000,0.03728159999991476,0.023612899999989168,0.427918000000318,11.678257942199707,13978336,1.1357207502511786,0.8804981328190382
2026-06-10T07:48:24.189634+00:00,sqlite,incremental_load,incremental_new_and_changed,10000,short,10000,0.1,skupione,0.0,hash_or_timestamp,2,11000,1000,1000,9000,0,2000,0.03685769999992772,0.014361099999860016,0.4200215000000753,11.762328147888184,13978336,1.1147629524847202,0.8970516985436927
2026-06-10T07:48:25.069476+00:00,sqlite,incremental_load,incremental_high_change,10000,short,10000,0.5,skupione,0.0,hash_or_timestamp,2,10000,0,5000,5000,0,5000,0.03414770000017597,0.04175660000009884,0.44864209999968807,12.438058853149414,13978336,1.1907237891500975,0.8398253307039155
2026-06-10T07:48:25.845823+00:00,sqlite,incremental_append_only,incremental_append_only,10000,short,10000,0.0,skupione,0.0,brak,2,11000,1000,0,10000,0,1000,0.0027402999999139865,0.019810799999959272,0.3785603000001174,7.0385847091674805,13978336,1.0047223718822884,0.9952998240962413
2026-06-10T07:48:26.999722+00:00,sqlite,incremental_with_deletes,incremental_with_deletes,10000,short,10000,0.0,skupione,0.05,hash_or_timestamp,2,9500,0,0,9500,500,500,0.0334419999999227,0.018525599999520637,0.3741870000003473,12.058917999267578,13978336,0.99037172784972,1.0097218770281182
2026-06-10T07:48:29.298397+00:00,sqlite,full_reload,full_reload,50000,short,5000,,skupione,0.0,hash_or_timestamp,0,50000,50000,0,0,0,50000,0.1549536999996235,0.6034652999996979,2.296765200000209,7.080389022827148,34204384,,
2026-06-10T07:48:33.756739+00:00,sqlite,incremental_load,incremental_no_changes,50000,short,5000,0.0,skupione,0.0,hash_or_timestamp,0,50000,0,0,50000,0,0,0.1965187999999216,0.0003328999996483617,1.9531678000003012,27.091812133789062,34204384,0.8503994226315008,1.1759180138029384
2026-06-10T07:48:38.383962+00:00,sqlite,incremental_load,incremental_new_only,50000,short,5000,0.0,skupione,0.0,hash_or_timestamp,0,55000,5000,0,50000,0,5000,0.19193070000028456,0.09551419999934296,2.177851400000236,27.08974838256836,36764384,0.9482255304112226,1.0546014296475692
2026-06-10T07:48:43.117169+00:00,sqlite,incremental_load,incremental_new_and_changed,50000,short,5000,0.1,skupione,0.0,hash_or_timestamp,0,55000,5000,5000,45000,0,10000,0.1913458999983959,0.22308960000009392,2.3539388000003783,28.367218017578125,36768480,1.0248930974747283,0.9757115180733841
2026-06-10T07:48:48.297465+00:00,sqlite,incremental_load,incremental_high_change,50000,short,5000,0.5,skupione,0.0,hash_or_timestamp,0,50000,0,25000,25000,0,25000,0.17398309999998673,0.6443079999990005,2.630511299999853,31.562767028808594,36768480,1.1453113709662675,0.8731250080546461
2026-06-10T07:48:52.681706+00:00,sqlite,incremental_append_only,incremental_append_only,50000,short,5000,0.0,skupione,0.0,brak,0,55000,5000,0,50000,0,5000,0.01918440000008559,0.07830019999983051,1.9666959000001043,11.60275650024414,36768480,0.8562894892346529,1.1678293527739023
2026-06-10T07:48:58.981288+00:00,sqlite,incremental_with_deletes,incremental_with_deletes,50000,short,5000,0.0,skupione,0.05,hash_or_timestamp,0,47500,0,0,47500,2500,2500,0.16566199999988385,0.04362390000051164,1.8992674999999508,31.961780548095703,36768480,0.8962669674501551,1.1157389888472198
2026-06-10T07:49:01.262592+00:00,sqlite,full_reload,full_reload,50000,short,5000,,skupione,0.0,hash_or_timestamp,1,50000,50000,0,0,0,50000,0.16000700000040524,0.5381194999986292,2.2785115000001497,7.081701278686523,36768480,,
2026-06-10T07:49:05.520968+00:00,sqlite,incremental_load,incremental_no_changes,50000,short,5000,0.0,skupione,0.0,hash_or_timestamp,1,50000,0,0,50000,0,0,0.19532520000120712,0.0003206999999747495,1.9703036999999313,27.091812133789062,36768480,0.8647328310608929,1.156426544801306
2026-06-10T07:49:09.976394+00:00,sqlite,incremental_load,incremental_new_only,50000,short,5000,0.0,skupione,0.0,hash_or_timestamp,1,55000,5000,0,50000,0,5000,0.21032640000021274,0.0775246999992305,2.2040938000000097,27.09060287475586,36768480,0.9673393353511118,1.033763399724703
2026-06-10T07:49:14.479285+00:00,sqlite,incremental_load,incremental_new_and_changed,50000,short,5000,0.1,skupione,0.0,hash_or_timestamp,1,55000,5000,5000,45000,0,10000,0.18834989999959362,0.1608853999996427,2.276606500000071,28.36761474609375,36768480,0.9991639278537419,1.0008367717478093
2026-06-10T07:49:19.249639+00:00,sqlite,incremental_load,incremental_high_change,50000,short,5000,0.5,skupione,0.0,hash_or_timestamp,1,50000,0,25000,25000,0,25000,0.1785765999998148,0.4236943999999312,2.412257800000134,31.562767028808594,36768480,1.0586989795750321,0.9445555528932368
2026-06-10T07:49:23.475966+00:00,sqlite,incremental_append_only,incremental_append_only,50000,short,5000,0.0,skupione,0.0,brak,1,55000,5000,0,50000,0,5000,0.018200500000148168,0.0781875000002401,1.9401625999998942,11.60275650024414,36768480,0.8515044141755557,1.1743920329153206
2026-06-10T07:49:29.800779+00:00,sqlite,incremental_with_deletes,incremental_with_deletes,50000,short,5000,0.0,skupione,0.05,hash_or_timestamp,1,47500,0,0,47500,2500,2500,0.16241539999964516,0.05398709999963103,1.878334200000154,31.961933135986328,36768480,0.8855153623958799,1.1292858853338994
2026-06-10T07:49:32.030646+00:00,sqlite,full_reload,full_reload,50000,short,5000,,skupione,0.0,hash_or_timestamp,2,50000,50000,0,0,0,50000,0.1564489999991565,0.5163569999995161,2.2280805999998847,7.080389022827148,36768480,,
2026-06-10T07:49:36.292221+00:00,sqlite,incremental_load,incremental_no_changes,50000,short,5000,0.0,skupione,0.0,hash_or_timestamp,2,50000,0,0,50000,0,0,0.1891565999994782,0.0003437000004851143,1.964966000000004,27.090286254882812,36768480,0.8819097477892432,1.1339028766909351
2026-06-10T07:49:40.722084+00:00,sqlite,incremental_load,incremental_new_only,50000,short,5000,0.0,skupione,0.0,hash_or_timestamp,2,55000,5000,0,50000,0,5000,0.2095739000001231,0.07806990000017322,2.2237153999999464,27.090686798095703,36768480,0.9980408249145302,1.0019630209872803
2026-06-10T07:49:45.261675+00:00,sqlite,incremental_load,incremental_new_and_changed,50000,short,5000,0.1,skupione,0.0,hash_or_timestamp,2,55000,5000,5000,45000,0,10000,0.21293960000002699,0.1741980000001604,2.3307355000001735,28.367271423339844,36768480,1.0460732434905156,0.9559560061618827
2026-06-10T07:49:49.950611+00:00,sqlite,incremental_load,incremental_high_change,50000,short,5000,0.5,skupione,0.0,hash_or_timestamp,2,50000,0,25000,25000,0,25000,0.19407640000054016,0.41727050000008603,2.429710899999918,31.562942504882812,36768480,1.0904950655735004,0.917014695040451
2026-06-10T07:49:54.040152+00:00,sqlite,incremental_append_only,incremental_append_only,50000,short,5000,0.0,skupione,0.0,brak,2,55000,5000,0,50000,0,5000,0.016951200000221434,0.07265159999997195,1.8768491000000722,11.602703094482422,36768480,0.8423614029044413,1.1871389127659753
2026-06-10T07:50:00.347875+00:00,sqlite,incremental_with_deletes,incremental_with_deletes,50000,short,5000,0.0,skupione,0.05,hash_or_timestamp,2,47500,0,0,47500,2500,2500,0.18210830000043643,0.047917400000642374,1.9154358999999204,31.961986541748047,36768480,0.916311088911997,1.091332422035155
2026-06-10T07:50:02.550378+00:00,sqlite,full_reload,full_reload,50000,short,10000,,skupione,0.0,hash_or_timestamp,0,50000,50000,0,0,0,50000,0.17172169999957987,0.44967339999902833,2.1990634999997383,13.951169967651367,37250520,,
2026-06-10T07:50:06.726041+00:00,sqlite,incremental_load,incremental_no_changes,50000,short,10000,0.0,skupione,0.0,hash_or_timestamp,0,50000,0,0,50000,0,0,0.19483180000088396,0.0001872000002549612,2.006963099999666,33.96063995361328,37250520,0.9126444506945366,1.0957169566296978
2026-06-10T07:50:11.124980+00:00,sqlite,incremental_load,incremental_new_only,50000,short,10000,0.0,skupione,0.0,hash_or_timestamp,0,55000,5000,0,50000,0,5000,0.21232989999998608,0.0736268999994536,2.2166678999997202,33.960487365722656,37250520,1.008005407756522,0.9920581698323037
2026-06-10T07:50:15.579779+00:00,sqlite,incremental_load,incremental_new_and_changed,50000,short,10000,0.1,skupione,0.0,hash_or_timestamp,0,55000,5000,5000,45000,0,10000,0.2007039000000077,0.15805959999988772,2.3163548999996237,35.23851776123047,37254616,1.053336977308704,0.9493638043117207
2026-06-10T07:50:20.136230+00:00,sqlite,incremental_load,incremental_high_change,50000,short,10000,0.5,skupione,0.0,hash_or_timestamp,0,50000,0,25000,25000,0,25000,0.19860640000024432,0.360579400000006,2.3664162999998553,38.432762145996094,37254616,1.0761018497192723,0.9292800679237515
2026-06-10T07:50:24.246223+00:00,sqlite,incremental_append_only,incremental_append_only,50000,short,10000,0.0,skupione,0.0,brak,0,55000,5000,0,50000,0,5000,0.01823400000012043,0.07954220000010537,1.9619941999999355,16.34263324737549,37254616,0.8921953367877594,1.1208307853304615
2026-06-10T07:50:30.406511+00:00,sqlite,incremental_with_deletes,incremental_with_deletes,50000,short,10000,0.0,skupione,0.05,hash_or_timestamp,0,47500,0,0,47500,2500,2500,0.16557040000043344,0.054106700000374985,1.8945656000000781,37.601539611816406,37254616,0.9092452522675905,1.0998132764576707
2026-06-10T07:50:32.557073+00:00,sqlite,full_reload,full_reload,50000,short,10000,,skupione,0.0,hash_or_timestamp,1,50000,50000,0,0,0,50000,0.15618429999994987,0.44540939999978946,2.1478127999998833,13.951101303100586,37254616,,
2026-06-10T07:50:36.755690+00:00,sqlite,incremental_load,incremental_no_changes,50000,short,10000,0.0,skupione,0.0,hash_or_timestamp,1,50000,0,0,50000,0,0,0.18783720000010362,0.00017829999978857813,1.9732048999999279,33.96063995361328,37254616,0.9187043209724959,1.0884894923988693
2026-06-10T07:50:41.138932+00:00,sqlite,incremental_load,incremental_new_only,50000,short,10000,0.0,skupione,0.0,hash_or_timestamp,1,55000,5000,0,50000,0,5000,0.21338220000052388,0.0743877999993856,2.2144246000002568,33.960487365722656,37254616,1.0310137829518369,0.969919138362008
2026-06-10T07:50:45.632043+00:00,sqlite,incremental_load,incremental_new_and_changed,50000,short,10000,0.1,skupione,0.0,hash_or_timestamp,1,55000,5000,5000,45000,0,10000,0.2157747000001109,0.1563575000000128,2.354661800000031,35.23854064941406,37258712,1.0963068103515161,0.9121534141335521
2026-06-10T07:50:50.183422+00:00,sqlite,incremental_load,incremental_high_change,50000,short,10000,0.5,skupione,0.0,hash_or_timestamp,1,50000,0,25000,25000,0,25000,0.1962868000000526,0.3628677999995489,2.3649258000000373,38.679076194763184,37258712,1.1010856253394923,0.9081945826798665
2026-06-10T07:50:54.257985+00:00,sqlite,incremental_append_only,incremental_append_only,50000,short,10000,0.0,skupione,0.0,brak,1,55000,5000,0,50000,0,5000,0.018366300000252522,0.0790380000003097,1.9316103000001021,16.35328197479248,37258712,0.8993382942871964,1.1119286328095113
2026-06-10T07:51:00.497111+00:00,sqlite,incremental_with_deletes,incremental_with_deletes,50000,short,10000,0.0,skupione,0.05,hash_or_timestamp,1,47500,0,0,47500,2500,2500,0.18713359999946988,0.048510999999507476,1.9162226000003102,37.60101318359375,37258712,0.9011141621810784,1.1097373029623416
2026-06-10T07:51:02.657001+00:00,sqlite,full_reload,full_reload,50000,short,10000,,skupione,0.0,hash_or_timestamp,2,50000,50000,0,0,0,50000,0.16737929999999324,0.4317429000006996,2.1573301999997057,13.951086044311523,37258712,,
2026-06-10T07:51:06.851329+00:00,sqlite,incremental_load,incremental_no_changes,50000,short,10000,0.0,skupione,0.0,hash_or_timestamp,2,50000,0,0,50000,0,0,0.17453280000017912,0.00018060000093100825,1.925948999999946,33.96076965332031,37258712,0.892746506770363,1.1201387991061893
2026-06-10T07:51:11.230443+00:00,sqlite,incremental_load,incremental_new_only,50000,short,10000,0.0,skupione,0.0,hash_or_timestamp,2,55000,5000,0,50000,0,5000,0.21040229999971416,0.07397459999901912,2.2137125999997807,33.96094512939453,37258712,1.0261352666365504,0.974530388452376
2026-06-10T07:51:15.723975+00:00,sqlite,incremental_load,incremental_new_and_changed,50000,short,10000,0.1,skupione,0.0,hash_or_timestamp,2,55000,5000,5000,45000,0,10000,0.20955860000003668,0.163324300000113,2.354331000000002,35.23902893066406,37258712,1.0913169435074535,0.9163240852708068
2026-06-10T07:51:20.207918+00:00,sqlite,incremental_load,incremental_high_change,50000,short,10000,0.5,skupione,0.0,hash_or_timestamp,2,50000,0,25000,25000,0,25000,0.17513649999955305,0.36353470000040033,2.328875700000026,38.72283172607422,37262808,1.0795174980632745,0.9263397784603453
2026-06-10T07:51:24.328796+00:00,sqlite,incremental_append_only,incremental_append_only,50000,short,10000,0.0,skupione,0.0,brak,2,55000,5000,0,50000,0,5000,0.01609920000009879,0.08016349999979866,1.9183398000000125,16.35328197479248,37262808,0.8892193693854905,1.124581891070441
2026-06-10T07:51:30.746553+00:00,sqlite,incremental_with_deletes,incremental_with_deletes,50000,short,10000,0.0,skupione,0.05,hash_or_timestamp,2,47500,0,0,47500,2500,2500,0.18702200000006997,0.05211039999994682,1.99182780000001,37.60101318359375,37262808,0.9013456190000414,1.109452333178705
2026-06-10T07:51:35.704850+00:00,sqlite,full_reload,full_reload,100000,short,5000,,skupione,0.0,hash_or_timestamp,0,100000,100000,0,0,0,100000,0.3550169000004644,1.3776925000006486,4.955129999999826,7.082372665405273,62253960,,
2026-06-10T07:51:44.784774+00:00,sqlite,incremental_load,incremental_no_changes,100000,short,5000,0.0,skupione,0.0,hash_or_timestamp,0,100000,0,0,100000,0,0,0.40305029999944963,0.0006846999999652326,3.9821058000002267,47.28474807739258,62253960,0.8036329622028819,1.2443491581764463
2026-06-10T07:51:54.363826+00:00,sqlite,incremental_load,incremental_new_only,100000,short,5000,0.0,skupione,0.0,hash_or_timestamp,0,110000,10000,0,100000,0,10000,0.4392651000002843,0.20922649999920395,4.5150165000000015,48.39419651031494,68066000,0.9111802313965849,1.0974777168588032
2026-06-10T07:52:04.249458+00:00,sqlite,incremental_load,incremental_new_and_changed,100000,short,5000,0.1,skupione,0.0,hash_or_timestamp,0,110000,10000,10000,90000,0,20000,0.43719300000202566,0.4465875999999298,4.79671240000016,49.878785133361816,68066000,0.9680295774279037,1.0330262869209463
2026-06-10T07:52:14.588477+00:00,sqlite,incremental_load,incremental_high_change,100000,short,5000,0.5,skupione,0.0,hash_or_timestamp,0,100000,0,50000,50000,0,50000,0.3977652000003218,1.2197312999992391,5.3373280000000705,54.52568817138672,68066000,1.0771317805991483,0.9283915097591456
2026-06-10T07:52:23.674792+00:00,sqlite,incremental_append_only,incremental_append_only,100000,short,5000,0.0,skupione,0.0,brak,0,110000,10000,0,100000,0,10000,0.03826049999997849,0.22180129999969722,3.99037670000007,24.121280670166016,68066000,0.805302121236014,1.241769981265112
2026-06-10T07:52:37.599726+00:00,sqlite,incremental_with_deletes,incremental_with_deletes,100000,short,5000,0.0,skupione,0.05,hash_or_timestamp,0,95000,0,0,95000,5000,5000,0.3890926000003674,0.09787449999930686,3.9374402999997073,61.49963188171387,68066000,0.8108429478112033,1.2332844513224281
2026-06-10T07:52:42.636033+00:00,sqlite,full_reload,full_reload,100000,short,5000,,skupione,0.0,hash_or_timestamp,1,100000,100000,0,0,0,100000,0.36499929999990854,1.4903415000007953,5.033062299999983,7.082548141479492,68066000,,
2026-06-10T07:52:51.590902+00:00,sqlite,incremental_load,incremental_no_changes,100000,short,5000,0.0,skupione,0.0,hash_or_timestamp,1,100000,0,0,100000,0,0,0.4035505999995621,0.0006269999980759167,3.9550061999998434,47.28489685058594,68066000,0.7858051349771403,1.2725801289515508
2026-06-10T07:53:01.489962+00:00,sqlite,incremental_load,incremental_new_only,100000,short,5000,0.0,skupione,0.0,hash_or_timestamp,1,110000,10000,0,100000,0,10000,0.45122760000003836,0.2214350999997805,4.692117199999757,48.21095371246338,68066000,0.932258915213462,1.0726633810426227
2026-06-10T07:53:11.378247+00:00,sqlite,incremental_load,incremental_new_and_changed,100000,short,5000,0.1,skupione,0.0,hash_or_timestamp,1,110000,10000,10000,90000,0,20000,0.4478922000007515,0.4713351000009425,4.916818700000022,49.87863254547119,68066000,0.9769040013671275,1.023642035041878
2026-06-10T07:53:22.108323+00:00,sqlite,incremental_load,incremental_high_change,100000,short,5000,0.5,skupione,0.0,hash_or_timestamp,1,100000,0,50000,50000,0,50000,0.4128581000009035,1.2713877000005596,5.497580099999595,54.23628234863281,68066000,1.0922932744145872,0.9155050419366065
2026-06-10T07:53:31.226388+00:00,sqlite,incremental_append_only,incremental_append_only,100000,short,5000,0.0,skupione,0.0,brak,1,110000,10000,0,100000,0,10000,0.037995799999862356,0.2150021000002198,4.033996900000147,24.121280670166016,68066000,0.8014994966384901,1.2476614198686666
2026-06-10T07:53:45.513814+00:00,sqlite,incremental_with_deletes,incremental_with_deletes,100000,short,5000,0.0,skupione,0.05,hash_or_timestamp,1,95000,0,0,95000,5000,5000,0.38740440000083254,0.12250499999890962,3.9714085999999043,61.49963188171387,68066000,0.7729350472054729,1.2937697722667314
2026-06-10T07:53:51.119124+00:00,sqlite,full_reload,full_reload,100000,short,5000,,skupione,0.0,hash_or_timestamp,2,100000,100000,0,0,0,100000,0.38069730000052004,1.9806782000009662,5.601485099999991,7.082220077514648,68066000,,
2026-06-10T07:54:00.628014+00:00,sqlite,incremental_load,incremental_no_changes,100000,short,5000,0.0,skupione,0.0,hash_or_timestamp,2,100000,0,0,100000,0,0,0.4043997999988278,0.0006363000006786024,3.9834293000003527,47.28489685058594,68066000,0.7111380694381136,1.4061966908762495
2026-06-10T07:54:10.755747+00:00,sqlite,incremental_load,incremental_new_only,100000,short,5000,0.0,skupione,0.0,hash_or_timestamp,2,110000,10000,0,100000,0,10000,0.44309070000235806,0.28587530000004335,4.654380500000116,48.394104957580566,68070096,0.8309190182439516,1.2034867153641289
2026-06-10T07:54:21.351843+00:00,sqlite,incremental_load,incremental_new_and_changed,100000,short,5000,0.1,skupione,0.0,hash_or_timestamp,2,110000,10000,10000,90000,0,20000,0.4455227000003106,0.5698603000005278,4.9736275999998725,49.87863254547119,68070096,0.8879123145395639,1.1262373363056242
2026-06-10T07:54:31.867032+00:00,sqlite,incremental_load,incremental_high_change,100000,short,5000,0.5,skupione,0.0,hash_or_timestamp,2,100000,0,50000,50000,0,50000,0.3976957000013499,1.2587460000008832,5.419710399999985,54.524559020996094,68070096,0.9675488380751016,1.0335395596045143
2026-06-10T07:54:40.846794+00:00,sqlite,incremental_append_only,incremental_append_only,100000,short,5000,0.0,skupione,0.0,brak,2,110000,10000,0,100000,0,10000,0.03894820000004984,0.21300860000019384,3.946470800000043,24.121280670166016,68070096,0.7045400870565646,1.419365651964264
2026-06-10T07:54:54.492786+00:00,sqlite,incremental_with_deletes,incremental_with_deletes,100000,short,5000,0.0,skupione,0.05,hash_or_timestamp,2,95000,0,0,95000,5000,5000,0.3816765999999916,0.0962306999995235,3.937003099999856,61.4991569519043,68070096,0.8334813888959919,1.1997868378615801
2026-06-10T07:54:59.310374+00:00,sqlite,full_reload,full_reload,100000,short,10000,,skupione,0.0,hash_or_timestamp,0,100000,100000,0,0,0,100000,0.36974369999916235,1.2000884000008227,4.813199700000041,13.951620101928711,69924096,,
2026-06-10T07:55:08.158773+00:00,sqlite,incremental_load,incremental_no_changes,100000,short,10000,0.0,skupione,0.0,hash_or_timestamp,0,100000,0,0,100000,0,0,0.40372299999944516,0.0003697999995893042,4.038578299999699,54.154090881347656,69924096,0.8390631080608737,1.191805467780679
2026-06-10T07:55:17.621405+00:00,sqlite,incremental_load,incremental_new_only,100000,short,10000,0.0,skupione,0.0,hash_or_timestamp,0,110000,10000,0,100000,0,10000,0.44277619999957096,0.17480400000067675,4.610357099999874,54.164177894592285,70690416,0.9578570155732027,1.0439971558819539
2026-06-10T07:55:27.305774+00:00,sqlite,incremental_load,incremental_new_and_changed,100000,short,10000,0.1,skupione,0.0,hash_or_timestamp,0,110000,10000,10000,90000,0,20000,0.4535347000000911,0.36579799999981333,4.8479535999999825,55.64563846588135,70690416,1.0072205398001544,0.9928312226420769
2026-06-10T07:55:37.264151+00:00,sqlite,incremental_load,incremental_high_change,100000,short,10000,0.5,skupione,0.0,hash_or_timestamp,0,100000,0,50000,50000,0,50000,0.40358429999969303,0.9972320000006221,5.181231099999877,61.104591369628906,70690416,1.0764629400271577,0.928968348854417
2026-06-10T07:55:45.937278+00:00,sqlite,incremental_append_only,incremental_append_only,100000,short,10000,0.0,skupione,0.0,brak,0,110000,10000,0,100000,0,10000,0.038410799999837764,0.1662492000000384,3.948744899999838,24.121280670166016,70690416,0.8203991411367794,1.2189188772362172
2026-06-10T07:55:59.340312+00:00,sqlite,incremental_with_deletes,incremental_with_deletes,100000,short,10000,0.0,skupione,0.05,hash_or_timestamp,0,95000,0,0,95000,5000,5000,0.37566090000063923,0.09770750000006956,3.948236100000031,63.89483642578125,70690416,0.8564697058879774,1.1675836204424908
2026-06-10T07:56:04.160892+00:00,sqlite,full_reload,full_reload,100000,short,10000,,skupione,0.0,hash_or_timestamp,1,100000,100000,0,0,0,100000,0.3728589999996075,1.193198499999653,4.816895500000101,13.951559066772461,70690416,,
2026-06-10T07:56:13.060803+00:00,sqlite,incremental_load,incremental_no_changes,100000,short,10000,0.0,skupione,0.0,hash_or_timestamp,1,100000,0,0,100000,0,0,0.39975620000086565,0.00037580000071102404,4.0344169999998485,54.154273986816406,70690416,0.8375554337850518,1.1939508236258873
2026-06-10T07:56:22.486785+00:00,sqlite,incremental_load,incremental_new_only,100000,short,10000,0.0,skupione,0.0,hash_or_timestamp,1,110000,10000,0,100000,0,10000,0.43397309999954814,0.1652165999994395,4.580479899999773,54.164177894592285,70690416,0.9509195082184526,1.0516137184665606
2026-06-10T07:56:32.172363+00:00,sqlite,incremental_load,incremental_new_and_changed,100000,short,10000,0.1,skupione,0.0,hash_or_timestamp,1,110000,10000,10000,90000,0,20000,0.445320100000572,0.3643776000012622,4.835892999999942,55.64687442779541,70690416,1.0039439302762205,0.996071563204595
2026-06-10T07:56:42.125342+00:00,sqlite,incremental_load,incremental_high_change,100000,short,10000,0.5,skupione,0.0,hash_or_timestamp,1,100000,0,50000,50000,0,50000,0.4079076999996687,0.9451389000000745,5.1202392000000145,61.104835510253906,70690416,1.0629749389414629,0.9407559514016625
2026-06-10T07:56:50.913466+00:00,sqlite,incremental_append_only,incremental_append_only,100000,short,10000,0.0,skupione,0.0,brak,1,110000,10000,0,100000,0,10000,0.03801370000019233,0.16458700000021054,3.9478798000000097,24.121280670166016,70690416,0.8195900866024449,1.2201221273251757
2026-06-10T07:57:04.366755+00:00,sqlite,incremental_with_deletes,incremental_with_deletes,100000,short,10000,0.0,skupione,0.05,hash_or_timestamp,1,95000,0,0,95000,5000,5000,0.3760041999994428,0.09978880000062418,3.9829783999998654,63.89495849609375,70690416,0.8671343542598254,1.1532238286806051
2026-06-10T07:57:09.237205+00:00,sqlite,full_reload,full_reload,100000,short,10000,,skupione,0.0,hash_or_timestamp,2,100000,100000,0,0,0,100000,0.3537961999995787,1.2722241999999824,4.866667599999801,13.95271110534668,70690416,,
2026-06-10T07:57:18.026695+00:00,sqlite,incremental_load,incremental_no_changes,100000,short,10000,0.0,skupione,0.0,hash_or_timestamp,2,100000,0,0,100000,0,0,0.40004090000047654,0.00037440000096466974,4.028101500000048,54.154273986816406,70690416,0.827691930305701,1.2081789895313568
2026-06-10T07:57:27.474713+00:00,sqlite,incremental_load,incremental_new_only,100000,short,10000,0.0,skupione,0.0,hash_or_timestamp,2,110000,10000,0,100000,0,10000,0.45259930000020177,0.16384779999953025,4.626153500000328,54.16260623931885,70694512,0.9505793039985959,1.0519900820410424
2026-06-10T07:57:37.184221+00:00,sqlite,incremental_load,incremental_new_and_changed,100000,short,10000,0.1,skupione,0.0,hash_or_timestamp,2,110000,10000,10000,90000,0,20000,0.44653690000041024,0.3675729000001411,4.8441178000002765,55.64699649810791,70694512,0.9953664803407726,1.0046550891061161
2026-06-10T07:57:47.100649+00:00,sqlite,incremental_load,incremental_high_change,100000,short,10000,0.5,skupione,0.0,hash_or_timestamp,2,100000,0,50000,50000,0,50000,0.40007259999947564,0.9720792999992227,5.147853599999962,61.10486602783203,70694512,1.0577779341248152,0.9453780115269471
2026-06-10T07:57:55.924360+00:00,sqlite,incremental_append_only,incremental_append_only,100000,short,10000,0.0,skupione,0.0,brak,2,110000,10000,0,100000,0,10000,0.03934290000006513,0.16326779999963037,3.956581399999777,24.121280670166016,70694512,0.812996022165134,1.230018318339179
2026-06-10T07:58:09.544468+00:00,sqlite,incremental_with_deletes,incremental_with_deletes,100000,short,10000,0.0,skupione,0.05,hash_or_timestamp,2,95000,0,0,95000,5000,5000,0.38547070000049644,0.10287749999997686,4.132315999999719,63.895111083984375,70694512,0.8933603067735012,1.119369186674124
2026-06-10T07:58:14.087106+00:00,sqlite,full_reload,full_reload,10000,long,5000,,skupione,0.0,hash_or_timestamp,0,10000,10000,0,0,0,10000,0.05423499999960768,0.3696956000003411,4.536363800000345,52.650649070739746,84261480,,
2026-06-10T07:58:22.864681+00:00,sqlite,incremental_load,incremental_no_changes,10000,long,5000,0.0,skupione,0.0,hash_or_timestamp,0,10000,0,0,10000,0,0,0.06388389999983701,6.789999997636187e-05,4.252885999999762,56.328919410705566,84261480,0.9375099060616432,1.066655395888956
2026-06-10T07:58:32.088521+00:00,sqlite,incremental_load,incremental_new_only,10000,long,5000,0.0,skupione,0.0,hash_or_timestamp,0,11000,1000,0,10000,0,1000,0.06626890000006824,0.06719869999960792,4.724858699999913,56.205986976623535,85658216,1.0415519804649607,0.9601057064416398
2026-06-10T07:58:41.354482+00:00,sqlite,incremental_load,incremental_new_and_changed,10000,long,5000,0.1,skupione,0.0,hash_or_timestamp,0,11000,1000,1000,9000,0,2000,0.06481699999949342,0.10356289999981527,4.728697999999895,56.426448822021484,85686888,1.0423983191117818,0.9593261823868738
2026-06-10T07:58:50.287270+00:00,sqlite,incremental_load,incremental_high_change,10000,long,5000,0.5,skupione,0.0,hash_or_timestamp,0,10000,0,5000,5000,0,5000,0.06082949999972698,0.19294829999989815,4.424319100000048,56.75678253173828,85686888,0.9753007684259608,1.025324733019437
2026-06-10T07:58:59.419531+00:00,sqlite,incremental_append_only,incremental_append_only,10000,long,5000,0.0,skupione,0.0,brak,0,11000,1000,0,10000,0,1000,0.006502300000192918,0.045035099999950035,4.612249199999951,51.706997871398926,85686888,1.0167282438854663,0.9835469861429849
2026-06-10T07:59:12.162616+00:00,sqlite,incremental_with_deletes,incremental_with_deletes,10000,long,5000,0.0,skupione,0.05,hash_or_timestamp,0,9500,0,0,9500,500,500,0.058859100000063336,0.009997499999826687,4.004135099999985,54.178860664367676,86609768,0.9456487361277979,1.0574751086695864
2026-06-10T07:59:16.706145+00:00,sqlite,full_reload,full_reload,10000,long,5000,,skupione,0.0,hash_or_timestamp,1,10000,10000,0,0,0,10000,0.055863699999918026,0.33751809999921534,4.539742999999817,52.65071773529053,86609768,,
2026-06-10T07:59:25.420835+00:00,sqlite,incremental_load,incremental_no_changes,10000,long,5000,0.0,skupione,0.0,hash_or_timestamp,1,10000,0,0,10000,0,0,0.06665009999960603,6.890000031489762e-05,4.205226900000071,56.3280725479126,86609768,0.9263138684282878,1.0795476933717276
2026-06-10T07:59:35.021820+00:00,sqlite,incremental_load,incremental_new_only,10000,long,5000,0.0,skupione,0.0,hash_or_timestamp,1,11000,1000,0,10000,0,1000,0.0697410999996464,0.05728819999967527,5.049130900000364,56.20627689361572,86609768,1.1122063297416986,0.8991137464864477
2026-06-10T07:59:44.463900+00:00,sqlite,incremental_load,incremental_new_and_changed,10000,long,5000,0.1,skupione,0.0,hash_or_timestamp,1,11000,1000,1000,9000,0,2000,0.06699920000028214,0.11072369999965304,4.823371599999973,56.42685317993164,86609768,1.0624767965940292,0.9411970249192166
2026-06-10T07:59:53.620878+00:00,sqlite,incremental_load,incremental_high_change,10000,long,5000,0.5,skupione,0.0,hash_or_timestamp,1,10000,0,5000,5000,0,5000,0.06576219999988098,0.20233379999990575,4.477742500000204,56.63482666015625,86609768,0.9863427290928991,1.0138463745960402
2026-06-10T08:00:02.900913+00:00,sqlite,incremental_append_only,incremental_append_only,10000,long,5000,0.0,skupione,0.0,brak,1,11000,1000,0,10000,0,1000,0.005208900000070571,0.05244909999964875,4.6785837000002175,51.79795551300049,86609768,1.0305833832444715,0.970324203027426
2026-06-10T08:00:16.057637+00:00,sqlite,incremental_with_deletes,incremental_with_deletes,10000,long,5000,0.0,skupione,0.05,hash_or_timestamp,1,9500,0,0,9500,500,500,0.05996229999982461,0.005034400000113237,4.135889799999859,54.17940044403076,86609768,0.9523150310745809,1.0500726832712195
2026-06-10T08:00:20.737911+00:00,sqlite,full_reload,full_reload,10000,long,5000,,skupione,0.0,hash_or_timestamp,2,10000,10000,0,0,0,10000,0.06324099999983446,0.4405549999996765,4.668931199999861,52.467658042907715,86609768,,
2026-06-10T08:00:29.680306+00:00,sqlite,incremental_load,incremental_no_changes,10000,long,5000,0.0,skupione,0.0,hash_or_timestamp,2,10000,0,0,10000,0,0,0.06284409999989293,7.159999950090423e-05,4.305336500000067,56.32810306549072,86609768,0.9221246395749406,1.0844520979950785
2026-06-10T08:00:39.135448+00:00,sqlite,incremental_load,incremental_new_only,10000,long,5000,0.0,skupione,0.0,hash_or_timestamp,2,11000,1000,0,10000,0,1000,0.06993499999953201,0.07959759999994276,4.793464299999869,56.32850742340088,86609768,1.0266727211572557,0.9740202300035882
2026-06-10T08:00:48.610187+00:00,sqlite,incremental_load,incremental_new_and_changed,10000,long,5000,0.1,skupione,0.0,hash_or_timestamp,2,11000,1000,1000,9000,0,2000,0.073682799999915,0.14706520000027012,4.8725443000003,56.30498123168945,86613864,1.043610216402513,0.9582121603285523
2026-06-10T08:00:57.786218+00:00,sqlite,incremental_load,incremental_high_change,10000,long,5000,0.5,skupione,0.0,hash_or_timestamp,2,10000,0,5000,5000,0,5000,0.06914640000013605,0.2407640999999785,4.503963699999986,56.620521545410156,86613864,0.9646669670352221,1.0366271824082143
2026-06-10T08:01:07.147491+00:00,sqlite,incremental_append_only,incremental_append_only,10000,long,5000,0.0,skupione,0.0,brak,2,11000,1000,0,10000,0,1000,0.0053699999998571,0.05974100000003091,4.657742399999734,51.79795551300049,86613864,0.9976035628881986,1.002402193818217
2026-06-10T08:01:20.127941+00:00,sqlite,incremental_with_deletes,incremental_with_deletes,10000,long,5000,0.0,skupione,0.05,hash_or_timestamp,2,9500,0,0,9500,500,500,0.06540119999954186,0.009519499999896652,4.1072048000000905,54.179837226867676,86613864,0.9493265861082726,1.0533782732236132
2026-06-10T08:01:24.607308+00:00,sqlite,full_reload,full_reload,10000,long,10000,,skupione,0.0,hash_or_timestamp,0,10000,10000,0,0,0,10000,0.05611510000017006,0.28868839999995544,4.472977699999774,53.81079959869385,112046240,,
2026-06-10T08:01:33.288537+00:00,sqlite,incremental_load,incremental_no_changes,10000,long,10000,0.0,skupione,0.0,hash_or_timestamp,0,10000,0,0,10000,0,0,0.06151050000016767,3.290000040578889e-05,4.230496500000299,56.866607666015625,112046240,0.9457897587999406,1.0573174330718527
2026-06-10T08:01:42.483650+00:00,sqlite,incremental_load,incremental_new_only,10000,long,10000,0.0,skupione,0.0,hash_or_timestamp,0,11000,1000,0,10000,0,1000,0.0690775000002759,0.05490139999983512,4.7633079000002,61.78631019592285,112046240,1.0649075894119573,0.9390486178732192
2026-06-10T08:01:51.676063+00:00,sqlite,incremental_load,incremental_new_and_changed,10000,long,10000,0.1,skupione,0.0,hash_or_timestamp,0,11000,1000,1000,9000,0,2000,0.0716271999995115,0.10578390000000581,4.748371500000303,61.88451099395752,112050360,1.0615683373517697,0.9420024739006811
2026-06-10T08:02:00.564268+00:00,sqlite,incremental_load,incremental_high_change,10000,long,10000,0.5,skupione,0.0,hash_or_timestamp,0,10000,0,5000,5000,0,5000,0.060642599999937374,0.2218788999998651,4.441770500000075,57.797658920288086,112050360,0.9930231711193864,1.0070258470129643
2026-06-10T08:02:09.617160+00:00,sqlite,incremental_append_only,incremental_append_only,10000,long,10000,0.0,skupione,0.0,brak,0,11000,1000,0,10000,0,1000,0.005551199999899836,0.0742525000000569,4.632972799999607,56.87940216064453,112050360,1.0357692594800643,0.9654659962605767
2026-06-10T08:02:22.264305+00:00,sqlite,incremental_with_deletes,incremental_with_deletes,10000,long,10000,0.0,skupione,0.05,hash_or_timestamp,0,9500,0,0,9500,500,500,0.05928440000025148,0.009893400000237307,4.049212100000204,55.34289741516113,112050360,0.9677842248201906,1.0332881796929423
2026-06-10T08:02:26.702094+00:00,sqlite,full_reload,full_reload,10000,long,10000,,skupione,0.0,hash_or_timestamp,1,10000,10000,0,0,0,10000,0.0548716999996941,0.27011159999983647,4.433182100000067,53.8123254776001,112050360,,
2026-06-10T08:02:35.335765+00:00,sqlite,incremental_load,incremental_no_changes,10000,long,10000,0.0,skupione,0.0,hash_or_timestamp,1,10000,0,0,10000,0,0,0.06293420000019978,3.530000003593159e-05,4.218127099999947,56.866607666015625,112050360,0.9514896985620968,1.0509835277367823
2026-06-10T08:02:44.484143+00:00,sqlite,incremental_load,incremental_new_only,10000,long,10000,0.0,skupione,0.0,hash_or_timestamp,1,11000,1000,0,10000,0,1000,0.07349229999999807,0.052816299999904004,4.728471999999783,61.78636360168457,112050360,1.066609016579696,0.937550671760406
2026-06-10T08:02:53.796459+00:00,sqlite,incremental_load,incremental_new_and_changed,10000,long,10000,0.1,skupione,0.0,hash_or_timestamp,1,11000,1000,1000,9000,0,2000,0.0693543000002137,0.11387860000013461,4.746763499999815,61.88451099395752,112050360,1.0707350595861478,0.933937850495446
2026-06-10T08:03:02.593826+00:00,sqlite,incremental_load,incremental_high_change,10000,long,10000,0.5,skupione,0.0,hash_or_timestamp,1,10000,0,5000,5000,0,5000,0.06023219999997309,0.1894919999999729,4.395947399999841,57.79941368103027,112050360,0.99160090897231,1.0084702332881026
2026-06-10T08:03:11.560930+00:00,sqlite,incremental_append_only,incremental_append_only,10000,long,10000,0.0,skupione,0.0,brak,1,11000,1000,0,10000,0,1000,0.005524100000002363,0.049934399999983725,4.571723200000179,56.87946319580078,112058600,1.0312509382369177,0.9696960874621399
2026-06-10T08:03:24.133938+00:00,sqlite,incremental_with_deletes,incremental_with_deletes,10000,long,10000,0.0,skupione,0.05,hash_or_timestamp,1,9500,0,0,9500,500,500,0.06746639999983017,0.009499400000095193,3.9976348000000144,55.34262275695801,112058600,0.9630140168438349,1.0384064847543781
2026-06-10T08:03:28.545603+00:00,sqlite,full_reload,full_reload,10000,long,10000,,skupione,0.0,hash_or_timestamp,2,10000,10000,0,0,0,10000,0.055616200000258686,0.24824669999952675,4.407676999999694,53.8109827041626,112058600,,
2026-06-10T08:03:37.149993+00:00,sqlite,incremental_load,incremental_no_changes,10000,long,10000,0.0,skupione,0.0,hash_or_timestamp,2,10000,0,0,10000,0,0,0.061991000000034546,3.5799999750452116e-05,4.221387399999912,56.86669158935547,112058600,0.9577351970210624,1.04412994647205
2026-06-10T08:03:46.302563+00:00,sqlite,incremental_load,incremental_new_only,10000,long,10000,0.0,skupione,0.0,hash_or_timestamp,2,11000,1000,0,10000,0,1000,0.0676684000000023,0.0495082999996157,4.715403800000331,61.78631019592285,112058600,1.0698160958710583,0.9347400958533784
2026-06-10T08:03:55.399004+00:00,sqlite,incremental_load,incremental_new_and_changed,10000,long,10000,0.1,skupione,0.0,hash_or_timestamp,2,11000,1000,1000,9000,0,2000,0.06713079999963156,0.0982216000002154,4.70718399999987,61.86999225616455,112062696,1.0679512133035602,0.936372361904658
2026-06-10T08:04:04.241201+00:00,sqlite,incremental_load,incremental_high_change,10000,long,10000,0.5,skupione,0.0,hash_or_timestamp,2,10000,0,5000,5000,0,5000,0.06064749999995911,0.19671539999990273,4.402671000000282,57.88149833679199,112062696,0.9988642543454495,1.001137037039427
2026-06-10T08:04:13.277903+00:00,sqlite,incremental_append_only,incremental_append_only,10000,long,10000,0.0,skupione,0.0,brak,2,11000,1000,0,10000,0,1000,0.004973999999947409,0.05305920000000697,4.600990099999763,56.879486083984375,112079176,1.0438582727364283,0.9579844564325234
2026-06-10T08:04:25.826286+00:00,sqlite,incremental_with_deletes,incremental_with_deletes,10000,long,10000,0.0,skupione,0.05,hash_or_timestamp,2,9500,0,0,9500,500,500,0.0636279000000286,0.004927500000121654,3.9870787999998356,55.34262275695801,112079176,0.9602836969280963,1.041358926741081
2026-06-10T08:04:48.450908+00:00,sqlite,full_reload,full_reload,50000,long,5000,,skupione,0.0,hash_or_timestamp,0,50000,50000,0,0,0,50000,0.30295180000030086,1.7325218999999379,22.620606599999974,52.739068031311035,319885640,,
2026-06-10T08:05:32.437210+00:00,sqlite,incremental_load,incremental_no_changes,50000,long,5000,0.0,skupione,0.0,hash_or_timestamp,0,50000,0,0,50000,0,0,0.328726899999765,0.00035559999878387316,21.290423100000226,72.70137310028076,319885640,0.9411959403423006,1.0624780209276223
2026-06-10T08:06:18.569270+00:00,sqlite,incremental_load,incremental_new_only,50000,long,5000,0.0,skupione,0.0,hash_or_timestamp,0,55000,5000,0,50000,0,5000,0.3565788999999313,0.17694790000041394,23.55858360000002,72.70167827606201,346550600,1.041465598893358,0.9601853398351144
2026-06-10T08:07:04.968623+00:00,sqlite,incremental_load,incremental_new_and_changed,50000,long,5000,0.1,skupione,0.0,hash_or_timestamp,0,55000,5000,5000,45000,0,10000,0.35481850000087434,0.48634500000071057,23.87225350000017,73.97787475585938,346734920,1.0553321545320626,0.9475689674625738
2026-06-10T08:07:50.440386+00:00,sqlite,incremental_load,incremental_high_change,50000,long,5000,0.5,skupione,0.0,hash_or_timestamp,0,50000,0,25000,25000,0,25000,0.31987409999874217,1.197490700002163,22.600125599999956,77.16960906982422,346734920,0.9990945866146659,1.000906233901639
2026-06-10T08:08:36.440112+00:00,sqlite,incremental_append_only,incremental_append_only,50000,long,5000,0.0,skupione,0.0,brak,0,55000,5000,0,50000,0,5000,0.03158950000033656,0.22134859999914624,23.182034600000406,56.53697681427002,346734920,1.0248193167375288,0.9757817633487432
2026-06-10T08:09:40.826265+00:00,sqlite,incremental_with_deletes,incremental_with_deletes,50000,long,5000,0.0,skupione,0.05,hash_or_timestamp,0,47500,0,0,47500,2500,2500,0.29380140000102983,0.071331399999508,20.26288029999978,77.53636932373047,346734920,0.949984669023719,1.0526485664528469
2026-06-10T08:10:03.608257+00:00,sqlite,full_reload,full_reload,50000,long,5000,,skupione,0.0,hash_or_timestamp,1,50000,50000,0,0,0,50000,0.30074710000008054,1.914271499998904,22.778058500000043,52.739190101623535,346734920,,
2026-06-10T08:10:48.246763+00:00,sqlite,incremental_load,incremental_no_changes,50000,long,5000,0.0,skupione,0.0,hash_or_timestamp,1,50000,0,0,50000,0,0,0.3142123999996329,0.0003661999999167165,21.274011900000005,72.70049571990967,346734920,0.9339694996393114,1.0706987759088373
2026-06-10T08:11:34.822076+00:00,sqlite,incremental_load,incremental_new_only,50000,long,5000,0.0,skupione,0.0,hash_or_timestamp,1,55000,5000,0,50000,0,5000,0.36577999999826716,0.2374534999980824,23.68066159999944,72.70167827606201,346734920,1.0396259891947943,0.9618843799533279
2026-06-10T08:12:21.520223+00:00,sqlite,incremental_load,incremental_new_and_changed,50000,long,5000,0.1,skupione,0.0,hash_or_timestamp,1,55000,5000,5000,45000,0,10000,0.3609218999999939,0.5204773000023124,23.90777909999997,73.9779281616211,346734920,1.0495968785048087,0.9527467358940116
2026-06-10T08:13:07.160683+00:00,sqlite,incremental_load,incremental_high_change,50000,long,5000,0.5,skupione,0.0,hash_or_timestamp,1,50000,0,25000,25000,0,25000,0.3261835000002975,1.3199814999998125,22.745404899999812,77.17035675048828,346739016,0.9985664449847544,1.0014356130455269
2026-06-10T08:13:53.426145+00:00,sqlite,incremental_append_only,incremental_append_only,50000,long,5000,0.0,skupione,0.0,brak,1,55000,5000,0,50000,0,5000,0.031869100000221806,0.23283619999983785,23.12606870000036,56.53697681427002,346739016,1.015278308289546,0.9849516057175636
2026-06-10T08:14:58.342788+00:00,sqlite,incremental_with_deletes,incremental_with_deletes,50000,long,5000,0.0,skupione,0.05,hash_or_timestamp,1,47500,0,0,47500,2500,2500,0.3076794000007794,0.07317629999852215,20.34394340000017,77.53646087646484,346739016,0.9450349223288589,1.0581619539896898
2026-06-10T08:15:21.173311+00:00,sqlite,full_reload,full_reload,50000,long,5000,,skupione,0.0,hash_or_timestamp,2,50000,50000,0,0,0,50000,0.30040330000247195,2.0812567999992098,22.82640210000045,52.73848819732666,346739016,,
2026-06-10T08:16:05.401584+00:00,sqlite,incremental_load,incremental_no_changes,50000,long,5000,0.0,skupione,0.0,hash_or_timestamp,2,50000,0,0,50000,0,0,0.3325628999982655,0.00035260000004200265,21.303580099999635,72.70152568817139,346739016,0.9332868143946004,1.0714819759332772
2026-06-10T08:16:52.279100+00:00,sqlite,incremental_load,incremental_new_only,50000,long,5000,0.0,skupione,0.0,hash_or_timestamp,2,55000,5000,0,50000,0,5000,0.36166169999887643,0.2526428000001033,23.786010599999827,72.70054912567139,346739016,1.0420394110204234,0.95965660168337
2026-06-10T08:17:39.192344+00:00,sqlite,incremental_load,incremental_new_and_changed,50000,long,5000,0.1,skupione,0.0,hash_or_timestamp,2,55000,5000,5000,45000,0,10000,0.34920299999885174,0.5615095999992263,23.978940500000135,73.97940063476562,346739016,1.0504914613766339,0.9519353909736055
2026-06-10T08:18:24.934666+00:00,sqlite,incremental_load,incremental_high_change,50000,long,5000,0.5,skupione,0.0,hash_or_timestamp,2,50000,0,25000,25000,0,25000,0.31552079999983107,1.3679312000003847,22.738022399999863,77.17064666748047,346739016,0.9961281808839867,1.003886868367259
2026-06-10T08:19:11.276594+00:00,sqlite,incremental_append_only,incremental_append_only,50000,long,5000,0.0,skupione,0.0,brak,2,55000,5000,0,50000,0,5000,0.03157009999995353,0.25219190000007075,23.12877860000026,56.53697681427002,346739016,1.0132467875872477,0.9869263956722814
2026-06-10T08:20:16.551878+00:00,sqlite,incremental_with_deletes,incremental_with_deletes,50000,long,5000,0.0,skupione,0.05,hash_or_timestamp,2,47500,0,0,47500,2500,2500,0.29042000000026746,0.0735765999988871,20.26742959999956,77.53655242919922,346739016,0.9293222300014332,1.0760530284511303
2026-06-10T08:20:39.938022+00:00,sqlite,full_reload,full_reload,50000,long,10000,,skupione,0.0,hash_or_timestamp,0,50000,50000,0,0,0,50000,0.30788959999972576,2.411930199999915,23.379868500000157,105.25911712646484,350368736,,
2026-06-10T08:21:24.323336+00:00,sqlite,incremental_load,incremental_no_changes,50000,long,10000,0.0,skupione,0.0,hash_or_timestamp,0,50000,0,0,50000,0,0,0.32547839999915595,0.0001857999995991122,21.31053780000002,125.22072792053223,350368736,0.9114909179236776,1.097103635742132
2026-06-10T08:22:11.125061+00:00,sqlite,incremental_load,incremental_new_only,50000,long,10000,0.0,skupione,0.0,hash_or_timestamp,0,55000,5000,0,50000,0,5000,0.3413955000014539,0.2769434000001638,23.75459940000019,125.2207202911377,350368736,1.0160279301827566,0.9842249118290739
2026-06-10T08:22:58.252859+00:00,sqlite,incremental_load,incremental_new_and_changed,50000,long,10000,0.1,skupione,0.0,hash_or_timestamp,0,55000,5000,5000,45000,0,10000,0.36369079999894893,0.5584191999996619,24.11351139999988,126.4986743927002,350368736,1.0313792569021385,0.9695754430854179
2026-06-10T08:23:44.144808+00:00,sqlite,incremental_load,incremental_high_change,50000,long,10000,0.5,skupione,0.0,hash_or_timestamp,0,50000,0,25000,25000,0,25000,0.336585400000331,1.3498637000002418,22.751349199999822,129.68524551391602,351044416,0.9731170729210761,1.0276255836291388
2026-06-10T08:24:30.327525+00:00,sqlite,incremental_append_only,incremental_append_only,50000,long,10000,0.0,skupione,0.0,brak,0,55000,5000,0,50000,0,5000,0.03227150000020629,0.2600457999997161,23.128351600000315,107.07641220092773,351044416,0.989242159338927,1.0108748303532293
2026-06-10T08:25:35.446722+00:00,sqlite,incremental_with_deletes,incremental_with_deletes,50000,long,10000,0.0,skupione,0.05,hash_or_timestamp,0,47500,0,0,47500,2500,2500,0.31555549999757204,0.07530170000063663,20.348633399999926,128.83847045898438,351044416,0.9329992112899055,1.0718122672552568
2026-06-10T08:25:58.375357+00:00,sqlite,full_reload,full_reload,50000,long,10000,,skupione,0.0,hash_or_timestamp,1,50000,50000,0,0,0,50000,0.3016638999997667,2.1565523000017492,22.92289769999934,105.25508689880371,351044416,,
2026-06-10T08:26:43.014417+00:00,sqlite,incremental_load,incremental_no_changes,50000,long,10000,0.0,skupione,0.0,hash_or_timestamp,1,50000,0,0,50000,0,0,0.3166505999997753,0.00018319999981031287,21.336996,125.22052192687988,351044416,0.9308158278785414,1.0743263812768835
2026-06-10T08:27:30.027748+00:00,sqlite,incremental_load,incremental_new_only,50000,long,10000,0.0,skupione,0.0,hash_or_timestamp,1,55000,5000,0,50000,0,5000,0.36143949999950564,0.264737000000423,23.83482489999915,125.22077369689941,351044416,1.0397823700971207,0.961739714731454
2026-06-10T08:28:17.223020+00:00,sqlite,incremental_load,incremental_new_and_changed,50000,long,10000,0.1,skupione,0.0,hash_or_timestamp,1,55000,5000,5000,45000,0,10000,0.3572105000012016,0.5629604999985531,24.036401299999852,126.49925422668457,351048512,1.0485760401923594,0.9536742798515134
2026-06-10T08:29:03.152244+00:00,sqlite,incremental_load,incremental_high_change,50000,long,10000,0.5,skupione,0.0,hash_or_timestamp,1,50000,0,25000,25000,0,25000,0.3286672999993243,1.384082300002774,22.84297499999957,129.9750633239746,351048512,0.9965134120020187,1.0034987868261367
2026-06-10T08:29:49.505730+00:00,sqlite,incremental_append_only,incremental_append_only,50000,long,10000,0.0,skupione,0.0,brak,1,55000,5000,0,50000,0,5000,0.030916400000023714,0.2831137999992279,23.163805999999568,107.07641220092773,351048512,1.0105095046513355,0.9895997963374312
2026-06-10T08:30:55.215865+00:00,sqlite,incremental_with_deletes,incremental_with_deletes,50000,long,10000,0.0,skupione,0.05,hash_or_timestamp,1,47500,0,0,47500,2500,2500,0.3159756999993988,0.07309220000024652,20.330478400000175,128.83944702148438,351048512,0.9198034839272975,1.0871887500689672
2026-06-10T08:31:18.414811+00:00,sqlite,full_reload,full_reload,50000,long,10000,,skupione,0.0,hash_or_timestamp,2,50000,50000,0,0,0,50000,0.2975839000000633,2.27980049999951,23.193856199999573,105.25527000427246,351048512,,
2026-06-10T08:32:02.961886+00:00,sqlite,incremental_load,incremental_no_changes,50000,long,10000,0.0,skupione,0.0,hash_or_timestamp,2,50000,0,0,50000,0,0,0.31564199999957054,0.0001878000002761837,21.338927400000102,125.2207202911377,351048512,0.92002499351533,1.0869269933407928
2026-06-10T08:32:49.798608+00:00,sqlite,incremental_load,incremental_new_only,50000,long,10000,0.0,skupione,0.0,hash_or_timestamp,2,55000,5000,0,50000,0,5000,0.35957369999960065,0.2865529000009701,23.784783300000527,125.22077369689941,351048512,1.0254777426791568,0.9751552455808609
2026-06-10T08:33:37.023335+00:00,sqlite,incremental_load,incremental_new_and_changed,50000,long,10000,0.1,skupione,0.0,hash_or_timestamp,2,55000,5000,5000,45000,0,10000,0.36035329999958776,0.6042894000001979,24.131879700000354,126.20890235900879,351048512,1.040442757423011,0.9611292816116281
2026-06-10T08:34:23.272747+00:00,sqlite,incremental_load,incremental_high_change,50000,long,10000,0.5,skupione,0.0,hash_or_timestamp,2,50000,0,25000,25000,0,25000,0.3378142999999909,1.4534364000019195,23.082859299999654,129.97504806518555,351048512,0.9952143835400721,1.0048086287126448
2026-06-10T08:35:10.374806+00:00,sqlite,incremental_append_only,incremental_append_only,50000,long,10000,0.0,skupione,0.0,brak,2,55000,5000,0,50000,0,5000,0.03099839999958931,0.2784991999997146,23.19273450000037,107.07641220092773,351048512,0.999951638054943,1.0000483642840479
2026-06-10T08:36:15.651797+00:00,sqlite,incremental_with_deletes,incremental_with_deletes,50000,long,10000,0.0,skupione,0.05,hash_or_timestamp,2,47500,0,0,47500,2500,2500,0.309769999999844,0.0700741000000562,20.330794099999366,128.83877563476562,351048512,0.9321032450390245,1.0728425261067864
2026-06-10T08:37:01.908863+00:00,sqlite,full_reload,full_reload,100000,long,5000,,skupione,0.0,hash_or_timestamp,0,100000,100000,0,0,0,100000,0.6213518999993539,4.423137599996153,46.252397799999926,52.742387771606445,590648128,,
2026-06-10T08:38:31.698181+00:00,sqlite,incremental_load,incremental_no_changes,100000,long,5000,0.0,skupione,0.0,hash_or_timestamp,0,100000,0,0,100000,0,0,0.6587161000024935,0.000772299999880488,42.95992949999982,92.84945297241211,590648128,0.9288151867447592,1.076640449328487
2026-06-10T08:40:06.243472+00:00,sqlite,incremental_load,incremental_new_only,100000,long,5000,0.0,skupione,0.0,hash_or_timestamp,0,110000,10000,0,100000,0,10000,0.7276896999992459,0.4300510999983089,47.46975670000029,94.02120590209961,644309824,1.0263199089756243,0.9743550634208252
2026-06-10T08:41:41.365361+00:00,sqlite,incremental_load,incremental_new_and_changed,100000,long,5000,0.1,skupione,0.0,hash_or_timestamp,0,110000,10000,10000,90000,0,20000,0.743717999999717,1.1563297999955466,48.20654029999969,95.50420761108398,644715328,1.042249539330905,0.9594631249652286
2026-06-10T08:43:14.843130+00:00,sqlite,incremental_load,incremental_high_change,100000,long,5000,0.5,skupione,0.0,hash_or_timestamp,0,100000,0,50000,50000,0,50000,0.6695316999985153,3.3585001999999804,46.38581840000006,100.09054946899414,644715328,1.0028846201785486,0.997123676921045
2026-06-10T08:44:47.884647+00:00,sqlite,incremental_append_only,incremental_append_only,100000,long,5000,0.0,skupione,0.0,brak,0,110000,10000,0,100000,0,10000,0.06366059999982099,0.5254071999997905,46.47857860000022,64.99596691131592,644715328,1.0048901421495664,0.9951336549693821
2026-06-10T08:46:59.722103+00:00,sqlite,incremental_with_deletes,incremental_with_deletes,100000,long,5000,0.0,skupione,0.05,hash_or_timestamp,0,95000,0,0,95000,5000,5000,0.6251668999993854,0.1724430999984179,40.75739760000033,103.73316860198975,644715328,0.9185553471503307,1.0886660266061683
2026-06-10T08:47:46.752119+00:00,sqlite,full_reload,full_reload,100000,long,5000,,skupione,0.0,hash_or_timestamp,1,100000,100000,0,0,0,100000,0.6470451000004687,4.810260200001721,47.020905200000016,52.7424259185791,644715328,,
2026-06-10T08:49:16.596563+00:00,sqlite,incremental_load,incremental_no_changes,100000,long,5000,0.0,skupione,0.0,hash_or_timestamp,1,100000,0,0,100000,0,0,0.657794599999761,0.0007566000003862428,42.755776799999694,92.84945297241211,644715328,0.9092929329654776,1.0997556054226654
2026-06-10T08:50:51.712122+00:00,sqlite,incremental_load,incremental_new_only,100000,long,5000,0.0,skupione,0.0,hash_or_timestamp,1,110000,10000,0,100000,0,10000,0.7227314000010665,0.5409267000004547,47.63429900000028,93.83805465698242,644715328,1.0130451295522969,0.9871228544792847
2026-06-10T08:52:26.810387+00:00,sqlite,incremental_load,incremental_new_and_changed,100000,long,5000,0.1,skupione,0.0,hash_or_timestamp,1,110000,10000,10000,90000,0,20000,0.730879199998526,1.2567679000003409,48.24420679999912,95.50420761108398,644719424,1.0260161218674093,0.9746435545086187
2026-06-10T08:54:00.614312+00:00,sqlite,incremental_load,incremental_high_change,100000,long,5000,0.5,skupione,0.0,hash_or_timestamp,1,100000,0,50000,50000,0,50000,0.6696821999994427,3.391024599998673,46.464776800000436,99.80083847045898,644719424,0.9881727415149894,1.0119688167747656
2026-06-10T08:55:34.124730+00:00,sqlite,incremental_append_only,incremental_append_only,100000,long,5000,0.0,skupione,0.0,brak,1,110000,10000,0,100000,0,10000,0.06431309999970836,0.5843341999998302,46.45138720000068,64.99580669403076,644719424,0.987887983066746,1.0122605165169174
2026-06-10T08:57:46.138658+00:00,sqlite,incremental_with_deletes,incremental_with_deletes,100000,long,5000,0.0,skupione,0.05,hash_or_timestamp,1,95000,0,0,95000,5000,5000,0.6420359000012468,0.1586189999970884,40.80219620000025,103.73254299163818,644719424,0.9276203459015175,1.0780272386416228
2026-06-10T08:58:33.919572+00:00,sqlite,full_reload,full_reload,100000,long,5000,,skupione,0.0,hash_or_timestamp,2,100000,100000,0,0,0,100000,0.6466897999998764,5.469740499996988,47.77655419999974,52.742265701293945,644719424,,
2026-06-10T09:00:04.343202+00:00,sqlite,incremental_load,incremental_no_changes,100000,long,5000,0.0,skupione,0.0,hash_or_timestamp,2,100000,0,0,100000,0,0,0.6706100999981572,0.0007247999965329655,42.81091429999924,92.84945297241211,644719424,0.8960653403505495,1.1159900455571579
2026-06-10T09:01:39.329344+00:00,sqlite,incremental_load,incremental_new_only,100000,long,5000,0.0,skupione,0.0,hash_or_timestamp,2,110000,10000,0,100000,0,10000,0.7274588000018412,0.6131854000004751,47.73505320000004,94.02120590209961,644719424,0.9991313521727421,1.0008694030323129
2026-06-10T09:03:15.011184+00:00,sqlite,incremental_load,incremental_new_and_changed,100000,long,5000,0.1,skupione,0.0,hash_or_timestamp,2,110000,10000,10000,90000,0,20000,0.7369702999994843,1.3025959999995393,48.360651199999666,95.50411605834961,644719424,1.012225599141261,0.9879220609006205
2026-06-10T09:04:49.053135+00:00,sqlite,incremental_load,incremental_high_change,100000,long,5000,0.5,skupione,0.0,hash_or_timestamp,2,100000,0,50000,50000,0,50000,0.666123000002699,3.384960699997464,46.58179300000029,100.08385467529297,644719424,0.9749927298021954,1.0256486735063943
2026-06-10T09:06:22.822842+00:00,sqlite,incremental_append_only,incremental_append_only,100000,long,5000,0.0,skupione,0.0,brak,2,110000,10000,0,100000,0,10000,0.06390759999976581,0.6210565999999744,46.6633339,64.81270122528076,644719424,0.9766994435107306,1.023856424454913
2026-06-10T09:08:35.833189+00:00,sqlite,incremental_with_deletes,incremental_with_deletes,100000,long,5000,0.0,skupione,0.05,hash_or_timestamp,2,95000,0,0,95000,5000,5000,0.6243225999987772,0.15692890000082116,40.76627230000031,103.73600673675537,644719424,0.9069076383764445,1.1026481172770917
2026-06-10T09:09:22.791890+00:00,sqlite,full_reload,full_reload,100000,long,10000,,skupione,0.0,hash_or_timestamp,0,100000,100000,0,0,0,100000,0.6417000000010376,4.850520100001631,46.94204130000071,105.25889587402344,648307944,,
2026-06-10T09:10:52.603364+00:00,sqlite,incremental_load,incremental_no_changes,100000,long,10000,0.0,skupione,0.0,hash_or_timestamp,0,100000,0,0,100000,0,0,0.6533392000001186,0.0003702000012708595,42.77282209999976,145.36513710021973,648307944,0.9111836834415445,1.097473559033669
2026-06-10T09:12:27.329792+00:00,sqlite,incremental_load,incremental_new_only,100000,long,10000,0.0,skupione,0.0,hash_or_timestamp,0,110000,10000,0,100000,0,10000,0.7206552999978157,0.5366647000000739,47.48147560000052,145.4351987838745,649556304,1.011491496429658,0.9886390577971043
2026-06-10T09:14:02.799013+00:00,sqlite,incremental_load,incremental_new_and_changed,100000,long,10000,0.1,skupione,0.0,hash_or_timestamp,0,110000,10000,10000,90000,0,20000,0.7725418999971225,1.1729060000016034,48.27153679999992,146.91904735565186,649556304,1.0283220640428177,0.9724579827340568
2026-06-10T09:15:35.897483+00:00,sqlite,incremental_load,incremental_high_change,100000,long,10000,0.5,skupione,0.0,hash_or_timestamp,0,100000,0,50000,50000,0,50000,0.6627348999991227,3.1757658000015,46.15758730000016,152.31632328033447,649556304,0.9832888818151898,1.0169951257396106
2026-06-10T09:17:09.202265+00:00,sqlite,incremental_append_only,incremental_append_only,100000,long,10000,0.0,skupione,0.0,brak,0,110000,10000,0,100000,0,10000,0.07130319999851054,0.5463493000006565,46.45204629999898,113.1295280456543,649556304,0.9895617023369259,1.0105484050549078
2026-06-10T09:19:21.917608+00:00,sqlite,incremental_with_deletes,incremental_with_deletes,100000,long,10000,0.0,skupione,0.05,hash_or_timestamp,0,95000,0,0,95000,5000,5000,0.619967300001008,0.1619985000033921,40.72439240000131,155.0361671447754,649556304,0.9143671734839846,1.0936525599335893
2026-06-10T09:20:09.124840+00:00,sqlite,full_reload,full_reload,100000,long,10000,,skupione,0.0,hash_or_timestamp,1,100000,100000,0,0,0,100000,0.6392058999972505,4.950131400004466,47.19964010000149,105.25947570800781,649556304,,
2026-06-10T09:21:39.315228+00:00,sqlite,incremental_load,incremental_no_changes,100000,long,10000,0.0,skupione,0.0,hash_or_timestamp,1,100000,0,0,100000,0,0,0.6521872999983316,0.0003877000035572564,42.77834359999906,145.3652286529541,649556304,0.9063277497320941,1.1033536160573203
2026-06-10T09:23:14.215797+00:00,sqlite,incremental_load,incremental_new_only,100000,long,10000,0.0,skupione,0.0,hash_or_timestamp,1,110000,10000,0,100000,0,10000,0.7288355000036972,0.5445334000014554,47.636880300000485,145.43535137176514,649556304,1.0092636341945111,0.9908213930625723
2026-06-10T09:24:49.736422+00:00,sqlite,incremental_load,incremental_new_and_changed,100000,long,10000,0.1,skupione,0.0,hash_or_timestamp,1,110000,10000,10000,90000,0,20000,0.7300165000033303,1.1847243000029266,48.35229699999945,146.91972637176514,649560400,1.0244208832430892,0.9761612793700788
2026-06-10T09:26:23.232354+00:00,sqlite,incremental_load,incremental_high_change,100000,long,10000,0.5,skupione,0.0,hash_or_timestamp,1,100000,0,50000,50000,0,50000,0.690935200002059,3.1475566000044637,46.17096279999896,152.31688022613525,649560400,0.9782058232261289,1.022279745485458
2026-06-10T09:27:56.917356+00:00,sqlite,incremental_append_only,incremental_append_only,100000,long,10000,0.0,skupione,0.0,brak,1,110000,10000,0,100000,0,10000,0.06418759999905888,0.5575752000004286,46.41538000000037,113.1295280456543,649560400,0.9833841932197044,1.0168965567017034
2026-06-10T09:30:10.303513+00:00,sqlite,incremental_with_deletes,incremental_with_deletes,100000,long,10000,0.0,skupione,0.05,hash_or_timestamp,1,95000,0,0,95000,5000,5000,0.6227508000010857,0.1646796999993967,40.934691599999496,155.03631210327148,649560400,0.9159500084211443,1.0917626407621697
2026-06-10T09:30:57.444546+00:00,sqlite,full_reload,full_reload,100000,long,10000,,skupione,0.0,hash_or_timestamp,2,100000,100000,0,0,0,100000,0.6374495000000024,5.058482800001002,47.13444590000108,105.25848293304443,649560400,,
2026-06-10T09:32:27.603328+00:00,sqlite,incremental_load,incremental_no_changes,100000,long,10000,0.0,skupione,0.0,hash_or_timestamp,2,100000,0,0,100000,0,0,0.6625259000029473,0.00038949999907345045,42.95681479999985,145.3653049468994,649560400,0.9113677689377242,1.0972518823719037
2026-06-10T09:34:02.577908+00:00,sqlite,incremental_load,incremental_new_only,100000,long,10000,0.0,skupione,0.0,hash_or_timestamp,2,110000,10000,0,100000,0,10000,0.7340709999971295,0.5689701000010245,47.77931610000087,145.4348554611206,649560400,1.0136815059069098,0.9865031513081918
2026-06-10T09:35:38.235271+00:00,sqlite,incremental_load,incremental_new_and_changed,100000,long,10000,0.1,skupione,0.0,hash_or_timestamp,2,110000,10000,10000,90000,0,20000,0.7218778000024031,1.1961504999962926,48.284787000000506,146.91972637176514,649560400,1.0244055292904037,0.9761759102302883
2026-06-10T09:37:11.791632+00:00,sqlite,incremental_load,incremental_high_change,100000,long,10000,0.5,skupione,0.0,hash_or_timestamp,2,100000,0,50000,50000,0,50000,0.6636877999990247,3.2224806000049284,46.265231100000165,152.31529331207275,649560400,0.9815588200220914,1.0187876463455279
2026-06-10T09:38:46.188407+00:00,sqlite,incremental_append_only,incremental_append_only,100000,long,10000,0.0,skupione,0.0,brak,2,110000,10000,0,100000,0,10000,0.06388409999999567,0.5510941000011371,46.53588359999958,113.10645008087158,649560400,0.9873009581724713,1.0128623817513913
2026-06-10T09:40:58.979276+00:00,sqlite,incremental_with_deletes,incremental_with_deletes,100000,long,10000,0.0,skupione,0.05,hash_or_timestamp,2,95000,0,0,95000,5000,5000,0.6304843999987497,0.15838049999911163,40.86076260000118,155.03637313842773,649560400,0.9166303262950872,1.090952340669202
