run_at,detection_method,dataset_size,text_variant,batch_size,change_ratio,run_index,hashing_time_sec,load_time_sec,total_time_sec,peak_memory_mb,records_updated,db_writes
2026-06-05T22:18:20.035469+00:00,hash_or_timestamp,5000,medium,2000,0.1,0,0.021114900009706616,0.013935599941760302,0.6239478001371026,9.010882377624512,500,500
2026-06-05T22:18:21.264550+00:00,hash_only,5000,medium,2000,0.1,0,0.02129110018722713,0.01608770014718175,0.6114189000800252,8.856415748596191,500,500
2026-06-05T22:18:22.467189+00:00,timestamp_only,5000,medium,2000,0.1,0,0.012522700009867549,0.00347719993442297,0.5778998001478612,8.423748016357422,500,500
2026-06-05T22:18:23.747368+00:00,hash_or_timestamp,5000,medium,2000,0.1,1,0.020758500089868903,0.018339599948376417,0.622533000074327,8.945666313171387,500,500
2026-06-05T22:18:24.952647+00:00,hash_only,5000,medium,2000,0.1,1,0.019544400041922927,0.01966339978389442,0.5928028000053018,8.84799861907959,500,500
2026-06-05T22:18:26.142461+00:00,timestamp_only,5000,medium,2000,0.1,1,0.012409700080752373,0.0033797998912632465,0.5733010000549257,8.429582595825195,500,500
2026-06-05T22:18:27.385372+00:00,hash_or_timestamp,5000,medium,2000,0.1,2,0.020080999936908484,0.021635100012645125,0.5997252999804914,8.860066413879395,500,500
2026-06-05T22:18:28.615262+00:00,hash_only,5000,medium,2000,0.1,2,0.02005489985458553,0.01856859982945025,0.5992058999836445,9.036971092224121,500,500
2026-06-05T22:18:29.811756+00:00,timestamp_only,5000,medium,2000,0.1,2,0.013026799773797393,0.019340199884027243,0.5889384001493454,8.428892135620117,500,500
